title,company,location,url,date
21627 - Account Manager,Qualitest acq,"Petah Tikva, Center District, Israel",https://il.linkedin.com/jobs/view/21627-account-manager-at-qualitest-acq-4404580001?position=37&pageNum=0&refId=Sj45oRcFCvS0GoFQ65BUbA%3D%3D&trackingId=T4ersegQXYnsyt5ETniHzQ%3D%3D,04/22/2026
22026 - Manual system tester,Qualitest acq,"Modiin-Maccabim-Reut, Center District, Israel",https://il.linkedin.com/jobs/view/22026-manual-system-tester-at-qualitest-acq-4404559971?position=2&pageNum=7&refId=iCphdjoo9%2B3A9xRtWVUWKw%3D%3D&trackingId=0rD2wbUomOgfAvamIH%2BCaA%3D%3D,04/22/2026
Account Manager – Technology Outsourcing,Bynet Semech,"Center District, Israel",https://il.linkedin.com/jobs/view/account-manager-%E2%80%93-technology-outsourcing-at-bynet-semech-4404383167?position=5&pageNum=10&refId=RcGc0LZe8fBIcVf%2Fd2K8Lg%3D%3D&trackingId=4dB1gs7vWQusl9ZFVwl%2BaQ%3D%3D,04/22/2026
Accounts & Market Development Manager (EMEA),Fives Intralogistics,"Binyamina, Haifa District, Israel",https://il.linkedin.com/jobs/view/accounts-market-development-manager-emea-at-fives-intralogistics-4403923136?position=5&pageNum=2&refId=JpmX%2FEWSOZLWD91Qek%2F%2BVA%3D%3D&trackingId=vgBpGbzJ5qtRTD4JYdEu6Q%3D%3D,04/22/2026
Administrative Assistant,Tzion Group,"Tel Aviv-Yafo, Tel Aviv District, Israel",https://il.linkedin.com/jobs/view/administrative-assistant-at-tzion-group-4404558792?position=1&pageNum=12&refId=US7YMAeiJzLgWfGLkWd%2BMQ%3D%3D&trackingId=gJEbjG8ayHXSrN4FfjlNFA%3D%3D,04/22/2026
AI Engineer,Ruby Labs,Israel,https://il.linkedin.com/jobs/view/ai-engineer-at-ruby-labs-4404081945?position=4&pageNum=12&refId=US7YMAeiJzLgWfGLkWd%2BMQ%3D%3D&trackingId=9WWPM%2B%2B2qfYzGkJbTwGr1w%3D%3D,04/22/2026
AI Software Developer - Salary + Equity,Autopipe.cloud,"Herzliya, Tel Aviv District, Israel",https://il.linkedin.com/jobs/view/ai-software-developer-salary-%2B-equity-at-autopipe-cloud-4401616659?position=39&pageNum=0&refId=Sj45oRcFCvS0GoFQ65BUbA%3D%3D&trackingId=HwOQBYbVmvxPGCyfacW3rw%3D%3D,04/22/2026
Area Manager,Mindspace,"Haifa, Haifa District, Israel",https://il.linkedin.com/jobs/view/area-manager-at-mindspace-4404559136?position=41&pageNum=0&refId=Sj45oRcFCvS0GoFQ65BUbA%3D%3D&trackingId=mcZzlZPDVhO%2Flo7dtMgAzg%3D%3D,04/22/2026
Automation Team Lead,AlgoSec,"Petah Tikva, Center District, Israel",https://il.linkedin.com/jobs/view/automation-team-lead-at-algosec-4404526539?position=7&pageNum=12&refId=US7YMAeiJzLgWfGLkWd%2BMQ%3D%3D&trackingId=Bc9ZWLIrxpcTrrCsN3Q1DA%3D%3D,04/22/2026
Battery Data Analyst,SolarEdge Technologies,"Center District, Israel",https://il.linkedin.com/jobs/view/battery-data-analyst-at-solaredge-technologies-4404351495?position=1&pageNum=2&refId=JpmX%2FEWSOZLWD91Qek%2F%2BVA%3D%3D&trackingId=4j2eIXOPAMjAVbk97RfPfg%3D%3D,04/22/2026
BI Developer (Temporary Position),WalkMe,"Tel Aviv-Yafo, Tel Aviv District, Israel",https://il.linkedin.com/jobs/view/bi-developer-temporary-position-at-walkme-4392900647?position=9&pageNum=12&refId=US7YMAeiJzLgWfGLkWd%2BMQ%3D%3D&trackingId=atohK%2FJFK0WAFwU%2B2JWoSw%3D%3D,04/22/2026
Breeder- Tomato,Hazera Seeds,"Gedera, Center District, Israel",https://il.linkedin.com/jobs/view/breeder-tomato-at-hazera-seeds-4401926064?position=9&pageNum=0&refId=Sj45oRcFCvS0GoFQ65BUbA%3D%3D&trackingId=hYGRywWA4OOQY1Fwm71k2g%3D%3D,04/22/2026
Clerk-Accounts Payable,Marriott International,"Herzliya, Tel Aviv District, Israel",https://il.linkedin.com/jobs/view/clerk-accounts-payable-at-marriott-international-4403672074?position=4&pageNum=15&refId=yo0PuJ46wshHTvP0USDi%2BQ%3D%3D&trackingId=xUtyhwVwxBUhbki%2BuT1FXA%3D%3D,04/22/2026
"Customer Marketing Manager, IL",AlgoSec,"Petah Tikva, Center District, Israel",https://il.linkedin.com/jobs/view/customer-marketing-manager-il-at-algosec-4404522648?position=18&pageNum=0&refId=Sj45oRcFCvS0GoFQ65BUbA%3D%3D&trackingId=HlQl3ct53nbNCGuSG0rfkw%3D%3D,04/22/2026
Customer Operations Specialist,Balance,"Tel Aviv District, Israel",https://il.linkedin.com/jobs/view/customer-operations-specialist-at-balance-4401636190?position=28&pageNum=0&refId=Sj45oRcFCvS0GoFQ65BUbA%3D%3D&trackingId=xYbVEAQ6%2FpCena%2Be9%2FSpCg%3D%3D,04/22/2026
Customer Success Manager,AllCloud,"Raanana, Center District, Israel",https://il.linkedin.com/jobs/view/customer-success-manager-at-allcloud-4404300088?position=7&pageNum=5&refId=t%2B9pqd5BvFPbK2mZTFv9YQ%3D%3D&trackingId=2oH48dHGENB7HVNz49iGRQ%3D%3D,04/22/2026
Customer Support Specialist,DOKKA,Israel,https://il.linkedin.com/jobs/view/customer-support-specialist-at-dokka-4401915284?position=22&pageNum=0&refId=Sj45oRcFCvS0GoFQ65BUbA%3D%3D&trackingId=hDxjH%2FdoB0y02sWi8RNP3A%3D%3D,04/22/2026
Data Scientist,Fetcherr,"Netanya, Center District, Israel",https://il.linkedin.com/jobs/view/data-scientist-at-fetcherr-4378188666?position=14&pageNum=0&refId=Sj45oRcFCvS0GoFQ65BUbA%3D%3D&trackingId=eK6tU04mcyK9YBnxIKNw0Q%3D%3D,04/22/2026
Data Scientist,CyberArk,"Petah Tikva, Center District, Israel",https://il.linkedin.com/jobs/view/data-scientist-at-cyberark-4381518850?position=9&pageNum=7&refId=iCphdjoo9%2B3A9xRtWVUWKw%3D%3D&trackingId=uKbG%2FcmTP3oarHXtG8Cy0Q%3D%3D,04/22/2026
Data/Business Analyst - Wix Marketing,Wix,"Tel Aviv-Yafo, Tel Aviv District, Israel",https://il.linkedin.com/jobs/view/data-business-analyst-wix-marketing-at-wix-4400991486?position=4&pageNum=2&refId=JpmX%2FEWSOZLWD91Qek%2F%2BVA%3D%3D&trackingId=rfABM%2BfcW%2F7YybvTch6JQw%3D%3D,04/22/2026
Deputy CFO,Prime Partners,Israel,https://il.linkedin.com/jobs/view/deputy-cfo-at-prime-partners-4404511294?position=19&pageNum=0&refId=Sj45oRcFCvS0GoFQ65BUbA%3D%3D&trackingId=BJBgS3iz8lgWiBZ9Sxz4lA%3D%3D,04/22/2026
DevOps Engineer,Connecteam,"Tel Aviv-Yafo, Tel Aviv District, Israel",https://il.linkedin.com/jobs/view/devops-engineer-at-connecteam-4290904319?position=8&pageNum=10&refId=RcGc0LZe8fBIcVf%2Fd2K8Lg%3D%3D&trackingId=uWbjOwb3I5cahuAgLNsQbw%3D%3D,04/22/2026
Director of Finance,Tastewise,"Tel Aviv-Yafo, Tel Aviv District, Israel",https://il.linkedin.com/jobs/view/director-of-finance-at-tastewise-4404071826?position=3&pageNum=0&refId=Sj45oRcFCvS0GoFQ65BUbA%3D%3D&trackingId=4z9SY0ikJHlA4Ib%2FfibH%2BQ%3D%3D,04/22/2026
Director of Procurement,KAMADA,"Rehovot, Center District, Israel",https://il.linkedin.com/jobs/view/director-of-procurement-at-kamada-4401912254?position=7&pageNum=7&refId=iCphdjoo9%2B3A9xRtWVUWKw%3D%3D&trackingId=8Qs%2FPpMWaGq7HrkiiZK69g%3D%3D,04/22/2026
ERP Business Project Manager,abra,"Center District, Israel",https://il.linkedin.com/jobs/view/erp-business-project-manager-at-abra-4403601422?position=11&pageNum=0&refId=Sj45oRcFCvS0GoFQ65BUbA%3D%3D&trackingId=pDrUB%2BCnVQxSBuF5IlElGQ%3D%3D,04/22/2026
Event Manager - Israel,Fever,"Tel Aviv-Yafo, Tel Aviv District, Israel",https://il.linkedin.com/jobs/view/event-manager-israel-at-fever-4349499213?position=43&pageNum=0&refId=Sj45oRcFCvS0GoFQ65BUbA%3D%3D&trackingId=tVw6P7DMdsfrF9AVP4Iukg%3D%3D,04/22/2026
Executive Assistant to the CEO & CTO (Founders),Irregular,"Tel Aviv-Yafo, Tel Aviv District, Israel",https://il.linkedin.com/jobs/view/executive-assistant-to-the-ceo-cto-founders-at-irregular-4404058843?position=4&pageNum=0&refId=Sj45oRcFCvS0GoFQ65BUbA%3D%3D&trackingId=wzheaO5Ap3nBdTrPbgc67Q%3D%3D,04/22/2026
Game Economist,SuperPlay,"Tel Aviv-Yafo, Tel Aviv District, Israel",https://il.linkedin.com/jobs/view/game-economist-at-superplay-4404554645?position=20&pageNum=0&refId=Sj45oRcFCvS0GoFQ65BUbA%3D%3D&trackingId=zxJux6%2FM1T7UzFHDPogC5A%3D%3D,04/22/2026
GenAI Analyst (Israel/UK/Poland),Alice (Formerly ActiveFence),"Ramat Gan, Tel Aviv District, Israel",https://il.linkedin.com/jobs/view/genai-analyst-israel-uk-poland-at-alice-formerly-activefence-4404076800?position=15&pageNum=0&refId=Sj45oRcFCvS0GoFQ65BUbA%3D%3D&trackingId=feASXvsasS8KbFDCn6WstA%3D%3D,04/22/2026
Global Sales Manager,MIA Dynamics,"Tel Aviv-Yafo, Tel Aviv District, Israel",https://il.linkedin.com/jobs/view/global-sales-manager-at-mia-dynamics-4401910295?position=7&pageNum=0&refId=Sj45oRcFCvS0GoFQ65BUbA%3D%3D&trackingId=ctZUpaq%2FDKY%2FZBLo5F3%2FEw%3D%3D,04/22/2026
Graphic Designer,Agilite,"Tel Aviv District, Israel",https://il.linkedin.com/jobs/view/graphic-designer-at-agilite-4401614743?position=42&pageNum=0&refId=Sj45oRcFCvS0GoFQ65BUbA%3D%3D&trackingId=6aaIP15YQUpmUMIQGcpXpw%3D%3D,04/22/2026
Growth Lead,Kendago,"Kiryat Ono, Tel Aviv District, Israel",https://il.linkedin.com/jobs/view/growth-lead-at-kendago-4403312054?position=21&pageNum=0&refId=Sj45oRcFCvS0GoFQ65BUbA%3D%3D&trackingId=kzsBR7McETahDi%2FAt4g%2BOw%3D%3D,04/22/2026
Growth Partnerships Manager,Unity,"Tel Aviv-Yafo, Tel Aviv District, Israel",https://il.linkedin.com/jobs/view/growth-partnerships-manager-at-unity-4404361823?position=2&pageNum=10&refId=RcGc0LZe8fBIcVf%2Fd2K8Lg%3D%3D&trackingId=0WaqJDX3HcFHmgLPXrLJsQ%3D%3D,04/22/2026
Head of Corporate Development,Dream,"Tel Aviv-Yafo, Tel Aviv District, Israel",https://il.linkedin.com/jobs/view/head-of-corporate-development-at-dream-4404002462?position=17&pageNum=0&refId=Sj45oRcFCvS0GoFQ65BUbA%3D%3D&trackingId=rmqek0oLEJITzip9JPLkxw%3D%3D,04/22/2026
Head of IT,Discreet Company,"Tel Aviv District, Israel",https://il.linkedin.com/jobs/view/head-of-it-at-discreet-company-4401615545?position=44&pageNum=0&refId=Sj45oRcFCvS0GoFQ65BUbA%3D%3D&trackingId=Tlqjs5tUQYVczC7t%2FsWqTw%3D%3D,04/22/2026
Head of Legal Affairs,Dream,"Tel Aviv-Yafo, Tel Aviv District, Israel",https://il.linkedin.com/jobs/view/head-of-legal-affairs-at-dream-4343881667?position=5&pageNum=7&refId=iCphdjoo9%2B3A9xRtWVUWKw%3D%3D&trackingId=Coam1MwnjF3q4UDh%2BYr3tw%3D%3D,04/22/2026
Head of Sales,Max Brenner Israel,"Petah Tikva, Center District, Israel",https://il.linkedin.com/jobs/view/head-of-sales-at-max-brenner-israel-4403919699?position=25&pageNum=0&refId=Sj45oRcFCvS0GoFQ65BUbA%3D%3D&trackingId=qV9sSzpNWRADwjw3%2FUh8dA%3D%3D,04/22/2026
HR Intern,Philip Morris International,"Tel Aviv-Yafo, Tel Aviv District, Israel",https://il.linkedin.com/jobs/view/hr-intern-at-philip-morris-international-4404527430?position=10&pageNum=10&refId=RcGc0LZe8fBIcVf%2Fd2K8Lg%3D%3D&trackingId=6Q%2BX4AKEAcCOt%2BeEs%2BoQ3Q%3D%3D,04/22/2026
Import-Export & Order Management Manager,ScanMaster Systems (IRT),"Rosh HaAyin, Center District, Israel",https://il.linkedin.com/jobs/view/import-export-order-management-manager-at-scanmaster-systems-irt-4404098897?position=1&pageNum=7&refId=iCphdjoo9%2B3A9xRtWVUWKw%3D%3D&trackingId=paMG82v9vDhoY9RnE4Ph2w%3D%3D,04/22/2026
"Industry Manager, Fintech (English, Hebrew)",Google,"Tel Aviv-Yafo, Tel Aviv District, Israel",https://il.linkedin.com/jobs/view/industry-manager-fintech-english-hebrew-at-google-4403623184?position=40&pageNum=0&refId=Sj45oRcFCvS0GoFQ65BUbA%3D%3D&trackingId=U7b6ehUx5T8OZXOvYyS9ww%3D%3D,04/22/2026
Innovation and Technological Partnership Manager,Maytronics,"Yizra'el, North District, Israel",https://il.linkedin.com/jobs/view/innovation-and-technological-partnership-manager-at-maytronics-4403613541?position=13&pageNum=0&refId=Sj45oRcFCvS0GoFQ65BUbA%3D%3D&trackingId=0J0oOYJBEZy2KDBKnl8SuQ%3D%3D,04/22/2026
Inside Account Executive,Cisco,"Netanya, Center District, Israel",https://il.linkedin.com/jobs/view/inside-account-executive-at-cisco-4404073902?position=9&pageNum=2&refId=JpmX%2FEWSOZLWD91Qek%2F%2BVA%3D%3D&trackingId=PJBcP0EJpdRd3jC%2BdY06bw%3D%3D,04/22/2026
Intern-Trade Prog & Planning,Philip Morris International,"Tel Aviv-Yafo, Tel Aviv District, Israel",https://il.linkedin.com/jobs/view/intern-trade-prog-planning-at-philip-morris-international-4404546063?position=7&pageNum=15&refId=yo0PuJ46wshHTvP0USDi%2BQ%3D%3D&trackingId=zlER9AXuD5SnLt4CnOD5%2BA%3D%3D,04/22/2026
IT Security Infrastructure Manager,Prime Partners,Israel,https://il.linkedin.com/jobs/view/it-security-infrastructure-manager-at-prime-partners-4404514204?position=8&pageNum=7&refId=iCphdjoo9%2B3A9xRtWVUWKw%3D%3D&trackingId=Lgd23%2BGtZ8k7LslTTao0Cg%3D%3D,04/22/2026
IT Support Student (Help Desk),Rocoto,"Raanana, Center District, Israel",https://il.linkedin.com/jobs/view/it-support-student-help-desk-at-rocoto-4404342568?position=23&pageNum=0&refId=Sj45oRcFCvS0GoFQ65BUbA%3D%3D&trackingId=aTgUV6K6RVUopxphIwcvAg%3D%3D,04/22/2026
Junior ERP Consultant,abra,"Haifa, Haifa District, Israel",https://il.linkedin.com/jobs/view/junior-erp-consultant-at-abra-4404570295?position=36&pageNum=0&refId=Sj45oRcFCvS0GoFQ65BUbA%3D%3D&trackingId=MpUhVBQcMNOrONHyQ5Hb3Q%3D%3D,04/22/2026
Junior Financial Analyst,Amdocs,"Raanana, Center District, Israel",https://il.linkedin.com/jobs/view/junior-financial-analyst-at-amdocs-4379126587?position=58&pageNum=0&refId=Sj45oRcFCvS0GoFQ65BUbA%3D%3D&trackingId=5bb6p87UlFGcIp72A9GMyg%3D%3D,04/22/2026
Junior Full Stack Developer,Unilink Ltd.,"Netanya, Center District, Israel",https://il.linkedin.com/jobs/view/junior-full-stack-developer-at-unilink-ltd-4404560546?position=47&pageNum=0&refId=Sj45oRcFCvS0GoFQ65BUbA%3D%3D&trackingId=Ivqia75uu2BFEaTpy9pmew%3D%3D,04/22/2026
Junior Product Manager,Surecomp,"Kfar Saba, Center District, Israel",https://il.linkedin.com/jobs/view/junior-product-manager-at-surecomp-4401900791?position=6&pageNum=10&refId=RcGc0LZe8fBIcVf%2Fd2K8Lg%3D%3D&trackingId=APy0eyj7ZXq5rKN0MAZ4hg%3D%3D,04/22/2026
Junior Quality Assurance Engineer,Dot Compliance,"Rehovot, Center District, Israel",https://il.linkedin.com/jobs/view/junior-quality-assurance-engineer-at-dot-compliance-4403602121?position=59&pageNum=0&refId=Sj45oRcFCvS0GoFQ65BUbA%3D%3D&trackingId=T8JaQPvheN2qi5vNcYJGMA%3D%3D,04/22/2026
Junior Web Analyst,Practical Vision,"Tel Aviv District, Israel",https://il.linkedin.com/jobs/view/junior-web-analyst-at-practical-vision-4401271231?position=10&pageNum=5&refId=t%2B9pqd5BvFPbK2mZTFv9YQ%3D%3D&trackingId=Tc3VaNqNB9T%2FNwNyj%2B%2BUWw%3D%3D,04/22/2026
Legal Counsel,Kela Technologies,"Tel Aviv-Yafo, Tel Aviv District, Israel",https://il.linkedin.com/jobs/view/legal-counsel-at-kela-technologies-4404063825?position=12&pageNum=0&refId=Sj45oRcFCvS0GoFQ65BUbA%3D%3D&trackingId=Ms4wvm5keu2sbtQKUrsuBQ%3D%3D,04/22/2026
Linguist (Remote),Quik Hire Staffing,Israel,https://il.linkedin.com/jobs/view/linguist-remote-at-quik-hire-staffing-4404530013?position=9&pageNum=15&refId=yo0PuJ46wshHTvP0USDi%2BQ%3D%3D&trackingId=oBBct60OJ2o%2BNMwxq7IiLg%3D%3D,04/22/2026
Machine Learning Student,Emerson,"Tel Aviv-Yafo, Tel Aviv District, Israel",https://il.linkedin.com/jobs/view/machine-learning-student-at-emerson-4392964163?position=4&pageNum=7&refId=iCphdjoo9%2B3A9xRtWVUWKw%3D%3D&trackingId=mDtcbuL6K4NZXFljwPoijw%3D%3D,04/22/2026
"Managing Director, Image",Cloudinary,"Petah Tikva, Center District, Israel",https://il.linkedin.com/jobs/view/managing-director-image-at-cloudinary-4392441365?position=10&pageNum=7&refId=iCphdjoo9%2B3A9xRtWVUWKw%3D%3D&trackingId=0olz8SL8nCzJTx1kZDAqqw%3D%3D,04/22/2026
Mechanical Design Engineer,Yael Korentec Technologies,"Beer Yaakov, Center District, Israel",https://il.linkedin.com/jobs/view/mechanical-design-engineer-at-yael-korentec-technologies-4402683931?position=5&pageNum=12&refId=US7YMAeiJzLgWfGLkWd%2BMQ%3D%3D&trackingId=K9y9YEa6gJnuH6hfP2pXuA%3D%3D,04/22/2026
"Medical Affairs Manager, Onco-Hemato",Medison Pharma,Israel,https://il.linkedin.com/jobs/view/medical-affairs-manager-onco-hemato-at-medison-pharma-4404509107?position=24&pageNum=0&refId=Sj45oRcFCvS0GoFQ65BUbA%3D%3D&trackingId=aeJ3GJy6BAQoPcbZ6NEMIw%3D%3D,04/22/2026
Network Compliance Manager,Rapyd,"Tel Aviv-Yafo, Tel Aviv District, Israel",https://il.linkedin.com/jobs/view/network-compliance-manager-at-rapyd-4403650463?position=38&pageNum=0&refId=Sj45oRcFCvS0GoFQ65BUbA%3D%3D&trackingId=kLuNk%2F9NGYT7IL1NGCBytQ%3D%3D,04/22/2026
Network Security Specialist,abra,"Herzliya, Tel Aviv District, Israel",https://il.linkedin.com/jobs/view/network-security-specialist-at-abra-4403606235?position=48&pageNum=0&refId=Sj45oRcFCvS0GoFQ65BUbA%3D%3D&trackingId=IWXqQFYOZQOwD3q4SbkuOw%3D%3D,04/22/2026
Office Manager & Global People Experience,Voyantis,"Tel Aviv District, Israel",https://il.linkedin.com/jobs/view/office-manager-global-people-experience-at-voyantis-4375153638?position=1&pageNum=10&refId=RcGc0LZe8fBIcVf%2Fd2K8Lg%3D%3D&trackingId=wpP3VmL3mEBgm8gRulS80A%3D%3D,04/22/2026
Onboarding Team Lead,Nominal,"Tel Aviv-Yafo, Tel Aviv District, Israel",https://il.linkedin.com/jobs/view/onboarding-team-lead-at-nominal-4404088746?position=1&pageNum=15&refId=yo0PuJ46wshHTvP0USDi%2BQ%3D%3D&trackingId=b5ldtSVkqA1WrFuSdbeJ1A%3D%3D,04/22/2026
Product Designer,AUI™ (Augmented Intelligence),"Tel Aviv District, Israel",https://il.linkedin.com/jobs/view/product-designer-at-aui%E2%84%A2-augmented-intelligence-4400720445?position=32&pageNum=0&refId=Sj45oRcFCvS0GoFQ65BUbA%3D%3D&trackingId=jXFNV9hWZGqTvPnzH7m0DQ%3D%3D,04/22/2026
Product Designer,Balance,"Tel Aviv District, Israel",https://il.linkedin.com/jobs/view/product-designer-at-balance-4401699941?position=49&pageNum=0&refId=Sj45oRcFCvS0GoFQ65BUbA%3D%3D&trackingId=zdoe23E0G0w8nYsnKz8Kxw%3D%3D,04/22/2026
Product Designer (UX/UI),movement - the wellness group,"Lod, Center District, Israel",https://il.linkedin.com/jobs/view/product-designer-ux-ui-at-movement-the-wellness-group-4401916945?position=31&pageNum=0&refId=Sj45oRcFCvS0GoFQ65BUbA%3D%3D&trackingId=rtSTF3El%2BAyeUgEzw%2F%2B7WA%3D%3D,04/22/2026
Project & Performance Analyst,Enlight Renewable Energy Ltd (ENLT),"Rosh HaAyin, Center District, Israel",https://il.linkedin.com/jobs/view/project-performance-analyst-at-enlight-renewable-energy-ltd-enlt-4384168168?position=3&pageNum=10&refId=RcGc0LZe8fBIcVf%2Fd2K8Lg%3D%3D&trackingId=RsKaAW47B%2BEaxE78KSzNcg%3D%3D,04/22/2026
Project Manager,AIR,"Kfar Yona, Center District, Israel",https://il.linkedin.com/jobs/view/project-manager-at-air-4401935020?position=10&pageNum=0&refId=Sj45oRcFCvS0GoFQ65BUbA%3D%3D&trackingId=3PodDkZ%2FD1K6BWEsQCkHgQ%3D%3D,04/22/2026
Project Manager,Vegan-Friendly,"Tel Aviv District, Israel",https://il.linkedin.com/jobs/view/project-manager-at-vegan-friendly-4404568704?position=7&pageNum=10&refId=RcGc0LZe8fBIcVf%2Fd2K8Lg%3D%3D&trackingId=E%2FJJuk6AzYSKuO0kH7bfrw%3D%3D,04/22/2026
Project Manager,KAMADA,"Beit Kama, South District, Israel",https://il.linkedin.com/jobs/view/project-manager-at-kamada-4401916245?position=10&pageNum=15&refId=yo0PuJ46wshHTvP0USDi%2BQ%3D%3D&trackingId=F3Y3QuAdq4euP7H1G1xQpg%3D%3D,04/22/2026
Project Manager & System Analyst,ONE Digital,"Modiin-Maccabim-Reut, Center District, Israel",https://il.linkedin.com/jobs/view/project-manager-system-analyst-at-one-digital-4401922017?position=10&pageNum=12&refId=US7YMAeiJzLgWfGLkWd%2BMQ%3D%3D&trackingId=hoWIinBSmNNg9gwPl748vg%3D%3D,04/22/2026
Python Developer,Dream,"Tel Aviv-Yafo, Tel Aviv District, Israel",https://il.linkedin.com/jobs/view/python-developer-at-dream-4400443731?position=1&pageNum=5&refId=t%2B9pqd5BvFPbK2mZTFv9YQ%3D%3D&trackingId=KR4Y8bsvFxM%2BLzFzAKun2Q%3D%3D,04/22/2026
Revenue Operations Specialist,Fives Intralogistics,"Binyamina, Haifa District, Israel",https://il.linkedin.com/jobs/view/revenue-operations-specialist-at-fives-intralogistics-4403915879?position=6&pageNum=15&refId=yo0PuJ46wshHTvP0USDi%2BQ%3D%3D&trackingId=1%2BoIZiB2fuwsqbt1WVtBXQ%3D%3D,04/22/2026
Sales Advisor - Tel Aviv,Tesla,"Tel Aviv-Yafo, Tel Aviv District, Israel",https://il.linkedin.com/jobs/view/sales-advisor-tel-aviv-at-tesla-4404081707?position=5&pageNum=5&refId=t%2B9pqd5BvFPbK2mZTFv9YQ%3D%3D&trackingId=Ce39dVmVQYiLEnjQ1N8qlw%3D%3D,04/22/2026
Sales And Marketing Specialist,Ryt Electronics Ltd,"Petah Tikva, Center District, Israel",https://il.linkedin.com/jobs/view/sales-and-marketing-specialist-at-ryt-electronics-ltd-4401628837?position=4&pageNum=5&refId=t%2B9pqd5BvFPbK2mZTFv9YQ%3D%3D&trackingId=%2F%2F3LA2l6%2FEjg8bQmVeFklQ%3D%3D,04/22/2026
"Sales Development Representative, EMEA",AlgoSec,"Petah Tikva, Center District, Israel",https://il.linkedin.com/jobs/view/sales-development-representative-emea-at-algosec-4404503942?position=5&pageNum=0&refId=Sj45oRcFCvS0GoFQ65BUbA%3D%3D&trackingId=h7Ol1NITpGCJDinoFYk6Ug%3D%3D,04/22/2026
Senior Marketing Manager,Teads,"Netanya, Center District, Israel",https://il.linkedin.com/jobs/view/senior-marketing-manager-at-teads-4401632950?position=5&pageNum=15&refId=yo0PuJ46wshHTvP0USDi%2BQ%3D%3D&trackingId=%2Fjioi%2Bjn7f0rU%2F77Su8Q6w%3D%3D,04/22/2026
Senior Product Manager,NO NAME,"Yavne, Center District, Israel",https://il.linkedin.com/jobs/view/senior-product-manager-at-no-name-4404550336?position=56&pageNum=0&refId=Sj45oRcFCvS0GoFQ65BUbA%3D%3D&trackingId=T32BWU6mHlm7VaHc0R8YUg%3D%3D,04/22/2026
Senior Program Manager - R&D,Checkmarx,"Ramat Gan, Tel Aviv District, Israel",https://il.linkedin.com/jobs/view/senior-program-manager-r-d-at-checkmarx-4403905892?position=35&pageNum=0&refId=Sj45oRcFCvS0GoFQ65BUbA%3D%3D&trackingId=gBxAYC9Aq%2FGQnJOkWLJQIA%3D%3D,04/22/2026
SEO Specialist,WeSki,"Herzliya, Tel Aviv District, Israel",https://il.linkedin.com/jobs/view/seo-specialist-at-weski-4404069802?position=50&pageNum=0&refId=Sj45oRcFCvS0GoFQ65BUbA%3D%3D&trackingId=Bo2TJErTpNJkds8VVGDK0g%3D%3D,04/22/2026
SodaStream: Procurement Operational Excellence Specialist,PepsiCo,"Kfar Saba, Center District, Israel",https://il.linkedin.com/jobs/view/sodastream-procurement-operational-excellence-specialist-at-pepsico-4350892189?position=9&pageNum=10&refId=RcGc0LZe8fBIcVf%2Fd2K8Lg%3D%3D&trackingId=rIu3rOKDi%2FLGXqhXHL312Q%3D%3D,04/22/2026
Software Developer,Pixellot - AI-Automated Sports Video and Analytics,"Tel Aviv-Yafo, Tel Aviv District, Israel",https://il.linkedin.com/jobs/view/software-developer-at-pixellot-ai-automated-sports-video-and-analytics-4403614615?position=27&pageNum=0&refId=Sj45oRcFCvS0GoFQ65BUbA%3D%3D&trackingId=Xh6kPeY%2FGwyybLa65oCJgQ%3D%3D,04/22/2026
Software QA Engineer,Fives Intralogistics,"Binyamina, Haifa District, Israel",https://il.linkedin.com/jobs/view/software-qa-engineer-at-fives-intralogistics-4403657058?position=3&pageNum=12&refId=US7YMAeiJzLgWfGLkWd%2BMQ%3D%3D&trackingId=ZcQaUVxY2ZC0ObkRG64ylw%3D%3D,04/22/2026
Support Team Leader,Fetcherr,"Netanya, Center District, Israel",https://il.linkedin.com/jobs/view/support-team-leader-at-fetcherr-4401906129?position=46&pageNum=0&refId=Sj45oRcFCvS0GoFQ65BUbA%3D%3D&trackingId=d1Mq1jHBUzHIARmuXlj9bQ%3D%3D,04/22/2026
System Administrator,Dream,"Tel Aviv-Yafo, Tel Aviv District, Israel",https://il.linkedin.com/jobs/view/system-administrator-at-dream-4365384767?position=3&pageNum=7&refId=iCphdjoo9%2B3A9xRtWVUWKw%3D%3D&trackingId=Kw3yNF4JQgSaF1yCqMAKtA%3D%3D,04/22/2026
System Project Manager,VonoTeam,"Petah Tikva, Center District, Israel",https://il.linkedin.com/jobs/view/system-project-manager-at-vonoteam-4401919644?position=2&pageNum=15&refId=yo0PuJ46wshHTvP0USDi%2BQ%3D%3D&trackingId=x0QDnKLbIWnnyLvZIzFC1A%3D%3D,04/22/2026
Talent Acquisition Lead,Decart,"Tel Aviv-Yafo, Tel Aviv District, Israel",https://il.linkedin.com/jobs/view/talent-acquisition-lead-at-decart-4404301752?position=2&pageNum=0&refId=Sj45oRcFCvS0GoFQ65BUbA%3D%3D&trackingId=mlkNz0aPg9NmUlxXnnizOA%3D%3D,04/22/2026
Talent Acquisition Partner,SolarEdge Technologies,"Herzliya, Tel Aviv District, Israel",https://il.linkedin.com/jobs/view/talent-acquisition-partner-at-solaredge-technologies-4404056859?position=8&pageNum=0&refId=Sj45oRcFCvS0GoFQ65BUbA%3D%3D&trackingId=90Qpf6PkqnM66X4aNfSWyw%3D%3D,04/22/2026
Technological Project Manager,מרטנס | Mertens – מקבוצת מלם תים,"Center District, Israel",https://il.linkedin.com/jobs/view/technological-project-manager-at-%D7%9E%D7%A8%D7%98%D7%A0%D7%A1-mertens-%E2%80%93-%D7%9E%D7%A7%D7%91%D7%95%D7%A6%D7%AA-%D7%9E%D7%9C%D7%9D-%D7%AA%D7%99%D7%9D-4401647033?position=3&pageNum=15&refId=yo0PuJ46wshHTvP0USDi%2BQ%3D%3D&trackingId=lupc6HDwhqOIA%2BSEpmWL1Q%3D%3D,04/22/2026
Trade Manager,zap group,"Center District, Israel",https://il.linkedin.com/jobs/view/trade-manager-at-zap-group-4401631741?position=6&pageNum=12&refId=US7YMAeiJzLgWfGLkWd%2BMQ%3D%3D&trackingId=Jdp4h4r2%2BcqgQdQ4FTB6TA%3D%3D,04/22/2026
User Acquisition Manager,SuperPlay,"Tel Aviv-Yafo, Tel Aviv District, Israel",https://il.linkedin.com/jobs/view/user-acquisition-manager-at-superplay-4404344561?position=33&pageNum=0&refId=Sj45oRcFCvS0GoFQ65BUbA%3D%3D&trackingId=%2BQ77oJcakmI8cDlPCymFzw%3D%3D,04/22/2026
Vice President Marketing,Cyabra,"Tel Aviv District, Israel",https://il.linkedin.com/jobs/view/vice-president-marketing-at-cyabra-4401912059?position=8&pageNum=15&refId=yo0PuJ46wshHTvP0USDi%2BQ%3D%3D&trackingId=P1gaYxpNGW3beG35fQqbpw%3D%3D,04/22/2026
VP of Operations,ShipIn Systems,"Tel Aviv District, Israel",https://il.linkedin.com/jobs/view/vp-of-operations-at-shipin-systems-4403947394?position=45&pageNum=0&refId=Sj45oRcFCvS0GoFQ65BUbA%3D%3D&trackingId=omulrPmd2TqD1%2Fvdisv8Eg%3D%3D,04/22/2026
WHS trade marketing manager,adidas,"Holon, Tel Aviv District, Israel",https://il.linkedin.com/jobs/view/whs-trade-marketing-manager-at-adidas-4381740347?position=16&pageNum=0&refId=Sj45oRcFCvS0GoFQ65BUbA%3D%3D&trackingId=lvon%2Ff2syIzRhxpnz0zB9A%3D%3D,04/22/2026
Комірник,ЦУМ Київ | TSUM Kyiv Department Store,"Hadera, Haifa District, Israel",https://il.linkedin.com/jobs/view/%D0%BA%D0%BE%D0%BC%D1%96%D1%80%D0%BD%D0%B8%D0%BA-at-%D1%86%D1%83%D0%BC-%D0%BA%D0%B8%D1%97%D0%B2-tsum-kyiv-department-store-4404381650?position=4&pageNum=10&refId=RcGc0LZe8fBIcVf%2Fd2K8Lg%3D%3D&trackingId=Nz5swn%2B%2BysLVgqc3Nr%2F8Zw%3D%3D,04/22/2026
מכשירן/ית אופטו-מכני/ת,Rail Vision Ltd,"Raanana, Center District, Israel",https://il.linkedin.com/jobs/view/%D7%9E%D7%9B%D7%A9%D7%99%D7%A8%D7%9F-%D7%99%D7%AA-%D7%90%D7%95%D7%A4%D7%98%D7%95-%D7%9E%D7%9B%D7%A0%D7%99-%D7%AA-at-rail-vision-ltd-4404076786?position=52&pageNum=0&refId=Sj45oRcFCvS0GoFQ65BUbA%3D%3D&trackingId=T3c3gpZCxET%2BFB5jaEkqxw%3D%3D,04/22/2026
"מנהל מוצר בתפ""י",IAI - Israel Aerospace Industries,"Lod, Center District, Israel",https://il.linkedin.com/jobs/view/%D7%9E%D7%A0%D7%94%D7%9C-%D7%9E%D7%95%D7%A6%D7%A8-%D7%91%D7%AA%D7%A4-%D7%99-at-iai-israel-aerospace-industries-4279472430?position=6&pageNum=7&refId=iCphdjoo9%2B3A9xRtWVUWKw%3D%3D&trackingId=%2BEWTZGzgkZETi4Mssd6QNA%3D%3D,04/22/2026
מנהל.ת ייעוץ אסטרטגי,KPMG Israel,"Tel Aviv-Yafo, Tel Aviv District, Israel",https://il.linkedin.com/jobs/view/%D7%9E%D7%A0%D7%94%D7%9C-%D7%AA-%D7%99%D7%99%D7%A2%D7%95%D7%A5-%D7%90%D7%A1%D7%98%D7%A8%D7%98%D7%92%D7%99-at-kpmg-israel-4403930000?position=6&pageNum=0&refId=Sj45oRcFCvS0GoFQ65BUbA%3D%3D&trackingId=z2H3z2MTK6PTILw8EBwY6g%3D%3D,04/22/2026
מנהל.ת שיווק,We Ankor,"Petah Tikva, Center District, Israel",https://il.linkedin.com/jobs/view/%D7%9E%D7%A0%D7%94%D7%9C-%D7%AA-%D7%A9%D7%99%D7%95%D7%95%D7%A7-at-we-ankor-4404329768?position=1&pageNum=0&refId=Sj45oRcFCvS0GoFQ65BUbA%3D%3D&trackingId=ud7HLuVXLhSS60gkykMrlA%3D%3D,04/22/2026
נציג/ת מכירות (משרה חלקית),Nike,"Holon, Tel Aviv District, Israel",https://il.linkedin.com/jobs/view/%D7%A0%D7%A6%D7%99%D7%92-%D7%AA-%D7%9E%D7%9B%D7%99%D7%A8%D7%95%D7%AA-%D7%9E%D7%A9%D7%A8%D7%94-%D7%97%D7%9C%D7%A7%D7%99%D7%AA-at-nike-4382634663?position=2&pageNum=12&refId=US7YMAeiJzLgWfGLkWd%2BMQ%3D%3D&trackingId=n1GzExjRNMIALnd3bI9AHA%3D%3D,04/22/2026
שירות לקוחות,Autosoft LTD,"Tel Aviv District, Israel",https://il.linkedin.com/jobs/view/%D7%A9%D7%99%D7%A8%D7%95%D7%AA-%D7%9C%D7%A7%D7%95%D7%97%D7%95%D7%AA-at-autosoft-ltd-4401913683?position=8&pageNum=12&refId=US7YMAeiJzLgWfGLkWd%2BMQ%3D%3D&trackingId=%2F5MxuuE6hzsielmcnNjP%2Bw%3D%3D,04/22/2026
תפעול Data Center מתקן TC,MedOne,"Tirat HaCarmel, Haifa District, Israel",https://il.linkedin.com/jobs/view/%D7%AA%D7%A4%D7%A2%D7%95%D7%9C-data-center-%D7%9E%D7%AA%D7%A7%D7%9F-tc-at-medone-4404330684?position=3&pageNum=5&refId=t%2B9pqd5BvFPbK2mZTFv9YQ%3D%3D&trackingId=uINdtWO0K7Hs1NVBHGA2gg%3D%3D,04/22/2026