title,company,location,date,url,department,workplace_type,description
"סטודנט.ית לעבודת מיון דגימות במעבדה (משמרות לילה וסופ""ש)",המרכז הרפואי תל-אביב (איכילוב),איכילוב,2026-06-17,https://jobs.tasmc.org.il/Positions/redmatch-apply/redmatch.apply.html?compPositionID=198287,"סטודנטים, נוער, אחרי צבא",onsite,"למעבדת ביוכימיה קלינית דרוש.ה סטודנט.ית לקבלה ומיון דגימות מתוך המערכת הפנאומטית
במסגרת התפקיד:
קבלה של שלוחיות (טילים) מהמחלקות השונות, פריקתן והחזרתן במערכת הפנאומטית.
מיון הדגימות שהתקבלו והעברתן ליחידת כימיה דחופה /מוקד המעבדות /חדר ספירות בהמטולוגיה/ חדר סניטרים.
דיווח על תקלות למנהל המערכת הפנאומטית.
דרישות התפקיד:
זמינות לעבודה בעיקר במשמרות לילה וסופ""ש (לפחות 3 משמרות בשבוע)
יתרת לימודים של שנה לפחות
** עבודה נוחה לסטודנטים.יות - ניתן ללמוד במהלך המשמרת בהתאם לעומס**
היקף המשרה:
משמרות לילה וסופ""ש בעיקר
זמינות ל 3 משמרות בשבוע לפחות"
מהנדס.ת מכשור רפואי למחלקת הנדסה רפואית,המרכז הרפואי תל-אביב (איכילוב),גוש דן,2026-06-17,https://jobs.tasmc.org.il/Positions/redmatch-apply/redmatch.apply.html?compPositionID=198281,הנדסה,onsite,"המהנדס.ת מכשור רפואי ממלא.ת תפקיד קריטי בהבטחת תפקוד תקין ובטיחותי של מגוון רחב של מכשירים רפואיים.
התפקיד מחייב היכרות בתחום ההנדסה ובפרט במכשור רפואי, יכולת פתרון בעיות ויכולת עבודה עצמאית וצוותית.
תיאור התפקיד:
ביצוע תחזוקה שוטפת ומניעתית של מכשירים רפואיים מגוונים.
איתור ותיקון תקלות במכשירים רפואיים, כולל הזמנת חלקי חילוף והתקנתם.
ביצוע טיפולים תקופתיים למכשירים רפואיים, בהתאם להנחיות היצרן.
המלצה וביצוע הסכמי שירות למכשור רפואי.
תיעוד מדויק של כל הפעולות והתיקונים ורישום המכשור .
שיתוף פעולה עם צוותי רפואיים והנדסיים אחרים, כגון רופאים, אחיות, כוח עזר וכו'
השתתפות בהתקנת מכשירים רפואיים חדשים.
מתן הדרכה לצוותים הרפואיים על השימוש הנכון במכשירים.
פיקוח על הקשר עם הספק לפי הסכמים.
ייעוץ והדרכה למשתמשים השונים
הפקת דוחות מחשב, ניתוח נתונים ( EXCEL ) ובניית מצגות ( POWER POINT ).
ביצוע משימות נוספות לפי הנחיית המנהל.
דרישות התפקיד:
תוואר ראשון בהנדסה ביו-רפואית, הנדסת חשמל, או תחום הנדסי רלוונטי אחר.
ניסיון קודם בתחום תחזוקת מכשור רפואי, רצוי בסביבת בית חולים- יתרון משמעותי
ניסיון בעבודה עם מגוון רחב של מכשירים רפואיים- יתרון
ניסיון כמהנדס/ת שירות במכשור רפואי- יתרון משמעותי
ניסיון בתחום האלקטרוניקה - יתרון
ידע וניסיון בהפעלת מחשב ושימוש בתוכנות OFFICE
ידע ומומחיות:
ידע מעמיק בתחום האלקטרוניקה, החשמל, המכניקה והמחשבים.
הבנה מעמיקה של תקנות בטיחות ותקנים רפואיים רלוונטיים - יתרון
יכולת קריאה והבנה של תרשימים חשמליים ומכניים.
שליטה בשפה האנגלית הטכנית.
היקף משרה:
משרה מלאה, א'-ה'."
דימותנ.ית רפואי.ת,המרכז הרפואי תל-אביב (איכילוב),איכילוב,2026-06-16,https://jobs.tasmc.org.il/Positions/redmatch-apply/redmatch.apply.html?compPositionID=198276,רפואה ובריאות,onsite,"מערך הדימות במרכז הרפואי ת""א (איכילוב) מגייס דימותנים ודימותניות למערך הדימות לעבודה בצוות רב-מקצועי לצורך השתלבות במגוון תחומי התמחות והתפתחות מקצועית
במסגרת התפקיד:
ביצוע בדיקות דימות בהתאם לנהלי משרד הבריאות והמרכז הרפואי
הפעלת ציוד דימות וטכנולוגיות מתקדמות
הכנת מטופלים לבדיקות ומתן שירות מקצועי
השתתפות בפעילות המערך בשגרה ובחירום
דרישות התפקיד:
רישיון דימותן מטעם משרד הבריאות - חובה
עברית ברמה טובה ואנגלית לצורך קריאת חומר מקצועי
תודעת שירות ויכולת עבודה בצוות
היכרות עם מערכות מידע ממוחשבות
**פוטנציאל השתכרות גבוה ותנאים מצוינים למתאימים.ות**
אין צורך בניסיון קודם
היקף המשרה:
משרה מלאה- העבודה כוללת משמרות 24 שעות בשבוע עם גמישות תעסוקתית"
מתאמ.ת מחקר גנטי בתחום פרקינסון,המרכז הרפואי תל-אביב (איכילוב),איכילוב,2026-06-16,https://jobs.tasmc.org.il/Positions/redmatch-apply/redmatch.apply.html?compPositionID=198275,"מדעים ומו""פ כללי",onsite,"המרכז להפרעות תנועה בניהול פרופ' רועי אלקלעי מחפש מתאמ.ת מחקר למחקרים גנטיים בתחום מחלת הפרקינסון.
היחידה מוכרת כמרכז מצוינות למחלת הפרקינסון מטעם ה Parkinson foundation ולאור זאת מגיעים אלינו מחקרים חדשים, מגוונים ופורצי דרך.
העבודה בסביבה נעימה, מקצועית ומלמדת המשלבת קליניקה ומחקר בשת""פ עם צוות רב תחומי מנוסה ומקצועי.
העבודה בכפיפות ישירה לפרופ' אלקלעי ובליווי צוות המחקר.
במסגרת התפקיד:
עבודת תיאום מחקר אשר כוללת:
גיוס משתתפים
החתמת מטופלים למחקר
מילוי נתונים במאגרי מידע ממוחשבים, והגשות לוועדת הלסינקי
העבודה מורכבת מתקשורת פרונטלית, טלפונית ובמיילים מול מתמודדים עם פרקינסון, חוקרים (רופאים במחלקה, בתי חולים נוספים בישראל ובחו""ל), עמותת הפרקינסון בארה""ב.
תקשורת מול מתמודדים ומתמודדות עם פרקינסון ובני משפחותיהם מהווה מרכיב מרכזי בעבודה השוטפת
דרישות התפקיד:
תואר ראשון (יתרון לתואר במדעים לרבות מדעי החיים/ ביולוגיה) - חובה
דוברי עברית ואנגלית שוטפת (דיבור קריאה וכתיבה בשתי השפות) - חובה
היכרות עם תוכנות וורד, POWERPOINT ואקסל- חובה
תעודת GCP ורישיון ללקיחת דמים- יתרון
ניסיון רלוונטי קודם - יתרון
יכולת עבודה בצוות, יכולת לתקשר עם חולים ובני משפחה
רצינות ואחריות עם יכולת ניהול זמנים ועמידה בתנאי לחץ
היקף המשרה-
מלאה, בימים א-ה
שעות עבודה: 08:00-16:00
*** ייתכנו שיחות וועידה עם גורמים בארה""ב בשעות אחה""צ מאוחרות***"
מפתח.ת Full Stack מנוסה ב NET / .NET Core / React,המרכז הרפואי תל-אביב (איכילוב),גוש דן,2026-06-16,https://jobs.tasmc.org.il/Positions/redmatch-apply/redmatch.apply.html?compPositionID=198273,"תשתית, מערכות מידע ואבטחת מידע- IT",onsite,"אגף מערכות מידע מגייס מפתח.ת Full Stack עם ניסיון של 3 שנים, להצטרפות לצוות פיתוח במחלקת הדיגיטל האחראי על פיתוח, תחזוקה ושדרוג של מערכות Web ארגוניות.
תיאור תפקיד:
פיתוח מערכות Web מקצה לקצה בסביבת Full Stack עבור מערכות פנים ארגוניות קריטיות בעולמות הרפואה והמטופלים
חשיפה למערכות מורכבות, ממשקים ותהליכים ארגוניים משמעותיים
הזדמנות לצמיחה מקצועית ולהשתלבות בפרויקטים טכנולוגיים מתקדמים, טכנולוגיות חדשות ו AI.
ניתוח דרישות עסקיות וטכניות ותרגומן לפתרונות תוכנה
עבודה בצמוד למנהלי מערכות, משתמשים עסקיים וצוותים טכנולוגיים נוספים
דרישות התפקיד:
ניסיון של 3 שנים בארגון בפיתוח Full Stack - חובה.
ניסיון מוכח בפיתוח מערכות Web בטכנולוגיות .NET / .NET Core - חובה.
ניסיון בפיתוח Frontend באמצעות React - חובה.
ניסיון בעבודה עם DATA BASE- חובה.
הבנה טובה בארכיטקטורת מערכות Web - חובה.
ניסיון בעבודה עם מערכות קיימות ותחזוקת קוד - חובה.
ניסיון בעבודה עם שירותי AWS, בדגש על Amazon S3 ו־AWS Lambda - יתרון.
ניסיון בפיתוח ב־Node.js או Python - יתרון.
ניסיון בבניית AI Agents או שילוב יכולות AI במערכות ארגוניות - יתרון.
היקף משרה:
משרה מלאה, א'-ה'."
רכז.ת אדמיניסטרציה למעבדת גנטיקה,המרכז הרפואי תל-אביב (איכילוב),תל אביב,2026-06-16,https://jobs.tasmc.org.il/Positions/redmatch-apply/redmatch.apply.html?compPositionID=198252,אדמינסטרציה,onsite,"תיאור תפקיד:
ניהול אדמיניסטרטיבי ותפעולי שוטף של המעבדה.
ניהול הזמנות, הצעות מחיר, מעקב אחרי מלאי ועבודה מול ספקים.
קבלת דגימות במערכת מעקב דגימות, הקמת תיקיום מטופלים בהתאם להנחיות הצוות הבכיר.
הפצת תשובות והעברת נתונים לגורמים פנימיים וחיצוניים, בהתאם להנחיות מקצועיות.
טיפול בקריאות, תלונות ופניות שוטפות.
ביצוע משימות נוספות בהתאם לצורכי המעבדה ולהנחיות מנהל.ת המעבדה.
דרישות:
תואר ראשון- יתרון משמעותי
ידע בעבודת מעבדה / ניסיון של שנה בעבודה מעבדה - יתרון
תעודת הכרה במעמד של עובד.ת מעבדה רפואי.ת - יתרון
אנגלית ברמה טובה - לרמה הבנה וקריאה
רמת דיוק גבוהה, תשומת לב לפרטים, יכולת לעבוד במקביל ועמידה בלחצים, יחסי אנוש מעולים ויכולת הנעה ורתימה, עבודת צוות, סבלנות והתנהלות בכבוד
היקף משרה:
50% משרה, ימים א'-ה', גמיש"
רוקח.ת בית מרקחת למחקרים קליניים,המרכז הרפואי תל-אביב (איכילוב),גוש דן,2026-06-15,https://jobs.tasmc.org.il/Positions/redmatch-apply/redmatch.apply.html?compPositionID=198263,"מדעים ומו""פ כללי",onsite,"תיאור תפקיד:
עבודה תוך עמידה בדרישות רגולטוריות בתחום הניסויים בבני אדם
מתן מענה מקצועי לחוקרים בתחום התרופות והרוקחות
הכנה ואספקת תרופות/הכנות רוקחיות לכלל המטופלים במסגרת המחקרים
עבודה בצוות
ייעוץ מקצועי בתחום לרופאים, צוות סיעודי, רוקחים ומטופלים
ניהול תיקי מסמכים ונתונים כמתחייב בנהלי משרד הבריאות
ניהול מלאי תרופות, הזמנות מספקים וכל ההיבטים הלוגיסטיים בתחום מחקרים קליניים בתכשירים רפואיים
כפיפות לרוקחת אחראית מחקרים קליניים
ביצוע משימות נוספות בהתאם לדרישות הממונה - מנהל בית המרקחת
דרישות התפקיד:
תואר ראשון ברוקחות עם רישיון לעסוק ברוקחות בישראל.
נכונות לעבודה מאומצת ושעות נוספות ע""פ הצורך הארגוני.
מגורים באזור המרכז עם יכולת יגעה לבית החולים תוך שעה ככל היותר.
תודעת שירות גבוהה ויכולת עבודה בצוות אל מול ריבוי לקוחות ומשימות.
שליטה טובה מאוד באנגלית : קריאה , כתיבה וניהול שיחה.
היקף משרה:
משרה מלאה, א'-ה', שעות עבודה 07:30-15:45.
ימי שישי ע""פ הצורך."
עובד.ת סוציאלי.ת קליני.ת למחלקה הפסיכיאטרית האשפוזית הפתוחה למשרה של 50%,המרכז הרפואי תל-אביב (איכילוב),איכילוב,2026-06-13,https://jobs.tasmc.org.il/Positions/redmatch-apply/redmatch.apply.html?compPositionID=198239,"עבודה סוציאלית, שירותי רווחה וייעוץ",onsite,"המערך הפסיכיאטרי במרכז הרפואי ת""א (איכילוב) מגייס עובד.ת סוציאלי.ת קליני.ת למחלקה הפסיכיאטרית האשפוזית הפתוחה למשרה של 50%
במסגרת התפקיד:
התמודדות עם מקרים מורכבים במצב אקוטי, מטופלים המתמודדים עם בעיות נפשיות, גופניות ונוירולוגיות.
עיסוק בפסיכותרפיה ושיקום
עבודה של מיצוי זכויות מול ביטוח לאומי, ניהול ועדות סל שיקום, ליווי והדרכת קבוצת סטודנטים.
עבודה עם מטופלים ומשפחותיהם
מציאת מענים יצירתיים בקהילה ושמירה על רצף טיפולי
דרישות התפקיד:
עובד.ת סוציאלי.ת קליני.ת בעל.ת תואר שני- חובה בעל.ת נסיון ובגרות
בוגר.ת בית ספר לפסיכותרפיה- יתרון
⁠בעל.ת יכולת לעבודה בצוות רב מקצועי - פסיכיאטרים, פסיכולוגים, מרפאים בעיסוק.
אוריינטציה דינמית - עבודה עם מטופלים פרטניים, התערבויות משפחתיות וזוגיות, טיפול קבוצתי.
היקף המשרה: 50%"
אח.ות מוסמכ.ת - כירורגיה פלסטית,המרכז הרפואי תל-אביב (איכילוב),איכילוב,2026-06-13,https://jobs.tasmc.org.il/Positions/redmatch-apply/redmatch.apply.html?compPositionID=198238,רפואה ובריאות,onsite,"המחלה לכירורגיה פלסטית מגייסת אחו.ת מוסמכ.ת
במסגרת התפקיד:
טיפול במטופלים ומטופלות במחלקה לכירורגיה פלסטית
טיפול במטופלים ומטופלות ביחידת כוויות
עבודה בצוות רב מקצועי
מתן מענה איכותי ומקצועי למטופלים ומטופלות ולבני משפחותיהם
דרישות התפקיד:
אח.ות מוסמכ.ת בעל.ת רישיון בתוקף
ניסיון קליני רלבנטי - יתרון
בעל.ת הכשרה על בסיסית בטיפול נמרץ משולב - יתרון משמעותי
מקצועיות, אחריות אישית גבוהה, יכולת עבודה בתנאי לחץ ויחסי אנוש מצוינים
היקף המשרה:
משרה מלאה א-ה"
"רכז.ת תפעול למו""פ",המרכז הרפואי תל-אביב (איכילוב),גוש דן,2026-06-13,https://jobs.tasmc.org.il/Positions/redmatch-apply/redmatch.apply.html?compPositionID=198159,גיוס משאבים,onsite,"יחידת תפעול המו״פ בתאגיד הבריאות של בית החולים איכילוב מגייסת רכז/ת תפעול לתפקיד רוחבי, שכולל ריכוז, תיאום ומעקב אחר תהליכים אדמיניסטרטיביים ותפעוליים לאורך מחזור חיי המחקר
תחומי אחריות עיקריים:
ריכוז ומעקב אחר תהליכים תפעוליים לאורך מחזור חיי המחקר - מהגשה, דרך פתיחה וחתימת חוזים, ועד סגירה כספית ומדעית
תיאום שוטף בין צוותי הגראנטים, הכספים, הרכש וההתקשרויות
ליווי החוקרים בניווט בתוך המערכת, עם דגש על ההיבטים התפעוליים והכספיים
בניית תמונת מצב שוטפת של משימות ותהליכים, והצפת עיכובים וחסמים לגורמים הרלוונטיים
תיווך בין צרכי החוקרים לבין דרישות המערכת וצוותי התמיכה
סיוע בשיפור תהליכי עבודה, הפחתת חיכוכים וקידום אחידות נהלים בין היחידות
דרישות התפקיד:
ניסיון בתפקידים אדמיניסטרטיביים, תפעוליים או שירותיים בארגון מורכב
ניסיון בעבודה מרובת ממשקים והנעת גורמים ללא סמכות פורמלית
יכולת גבוהה לסדר, ארגון, מעקב ובקרה אחר משימות ותהליכים
תקשורת בין-אישית טובה ויכולת עבודה מול גורמים מגוונים
יכולת לנהל מספר משימות במקביל ולעקוב אחר ביצוען עד להשלמה
יתרון: היכרות עם עולמות המו""פ, מחקרים, מענקים, כספים, רכש או מערכת הבריאות"
רכז.ת התחשבנות למחלקת הכנסות,המרכז הרפואי תל-אביב (איכילוב),תל אביב,2026-06-11,https://jobs.tasmc.org.il/Positions/redmatch-apply/redmatch.apply.html?compPositionID=198231,"כלכלה, כספים, השקעות ושוק ההון",onsite,"תיאור תפקיד:
טיפול בקלירינג -ביצוע התאמה בין חשבונית לקבלה
טיפול בחובות באופן שוטף
הוצאת דוחות עבור קלירינג וחובות, הוצאות דוחות למנהל הגביה
טיפול בביצוע החזרים כספיים
התנהלות מול מטופלים בנושא חובות, הוצאת תזכורות חוב
מעקב וטיפול במקרי התחשבנות מיוחדים
בקרת חיובים ויישום בהתאם להנחיות
קשר עם מחלקות רפואיות, מתן מענה לגורמי פנים וחוץ בנושא קלירניג חובות והחזרים
דרישות:
שליטה באקסל ברמת טובה
הכרה ועבודה במערכת SAP - יתרון
כושר ביטוי טוב בכתב ובע""פ
אוריינטציה ריאלית - יתרון
יחסי אנוש מעולים ועבודת צוות
דייקנות, נכונות לעבודה מאומצת ועמידה בלוחות זמנים
היקף משרה:
משרה מלאה, א'-ה', 8:00-16:30"
"כלכלן.ית - אחראי.ת תקצוב ובקרה (החלפה לחל""ד)",המרכז הרפואי תל-אביב (איכילוב),גוש דן,2026-06-09,https://jobs.tasmc.org.il/Positions/redmatch-apply/redmatch.apply.html?compPositionID=198184,"כלכלה, כספים, השקעות ושוק ההון",onsite,"תיאור תפקיד:
1. ניהול תקציב ובקרה:
בניה וניהול אחרי תקציב המחלקות (תקציב תפעולי ותקציבי מחקר חיצוניים).
ביצוע בקרה חודשית - הכנסות מול הוצאות זיהוי חריגות ומתן המלצות לתיקון.
הפקת דוחות ביצוע חודשיים /רבעוניים /חודשיים.
2. תמיכה פיננסית במחקרים קליניים ופרויקטים:
סיוע בניהול תקציבים פרטניים מול מענקים וחברות.
וידוא התאמה בין דרישות מימון מחקרים לבין המשאבים הקיימים ( קליטות כ""א / קידומי שכר / סיומי העסקה).
3. ניהול תהליכים מול מחלקת רכש
4. ניהול נושא מלגות / סטודנטים תאגיד הבריאות
דרישות:
תואר ראשון בכלכלה / מנהל עסקים / חשבונאות - חובה *אין צורך בניסיון קודם
אנגלית ברמה טובה - קריאה והבנה
אקסל ברמה טובה - פיווט וילוקאפ
ידע בסביבה רפואית / אקדמית מחקרית - יתרון
דיוק, אמינות ויחסי אנוש מעולים
היקף משרה:
משרה מלאה, ימים א'-ה', *החלפה לחל""ד - עם אופציה"
מנהל.ת אדמיניסטרטיבית למרכז בריאות הפה והשיניים,המרכז הרפואי תל-אביב (איכילוב),גוש דן,2026-06-09,https://jobs.tasmc.org.il/Positions/redmatch-apply/redmatch.apply.html?compPositionID=198196,אדמינסטרציה,onsite,"תיאור תפקיד:
ניהול ישיר של כ-15 נציגות שירות, ניהול ישיבות צוות חודשיות, אישור חופשות ונוכחות, קליטה אדמיניסטרטיבית של רופאים חדשים.
אחריות כוללת על תהליכי השירות (פרונטלי, טלפוני ודיגיטלי), טיפול בפניות ציבור, ויישום תהליכים לשיפור והנגשת השירות.
ניהול ובקרה על יומני הרופאים בתוכנת המתרפאים, איתור ""צווארי בקבוק"", טיפול באי-הופעות ובקרה על טיפולים ללא תורים עתידיים.
בקרת תיקי מטופלים בגמר טיפול, ניהול תוכנית איכות מחלקתית שנתית, והטמעת נהלי בטיחות, פרטיות וזכויות המטופל.
מעקב אחר מדדי פעילות - זמינות, ביטולים, תפוקות והכנסות.
ייזום והובלה של תהליכים לפיתוח ושיווק המרכז.
לוגיסטיקה ותפעול שוטף.
דרישות:
תואר ראשון - חובה. תואר בניהול מערכות בריאות - יתרון משמעותי
ניסיון קודם בניהול עובדים - חובה
ניסיון קודם של 3 שנים לפחות בניהול מערכות בריאות - חובה
ניסיון קודם ממרפאת שיניים בינונית/גדולה והיכרות עם סביבה עבודת של מרפאת שיניים, בקיאות מלאה במונחים הרלוונטיים - יתרון משמעותי
יחסי אנוש מעולים, כושר מנהיגות, יכולת עבודה תחת לחץ, ראייה מערכתית לצד ירידה לפרטים ותודעת שירות גבוהה במיוחד
היקף משרה:
משרה מלאה, ימים א׳-ה׳, 8.5 שעות עבודה, שעת התחלה 7:30/8:00
נדרשת נכונות לעבודה בשעות אחה״צ פעמיים בשבוע / שעות נוספות בהתאם לצורך"
רכז.ת גבייה ליחידת המחקרים הקליניים,המרכז הרפואי תל-אביב (איכילוב),גוש דן,2026-06-09,https://jobs.tasmc.org.il/Positions/redmatch-apply/redmatch.apply.html?compPositionID=198194,"כלכלה, כספים, השקעות ושוק ההון",onsite,"אנו מחפשים רכז.ת גבייה מנוסה ומקצועי.ת להצטרף לצוות המחקרים המטו-אונקולוגיה
אחריות על ניהול מערך הגבייה מחברות הפארמה ומהחברות הפרטיות
תיאור התפקיד:
ניהול ופיקוח על כלל תהליכי הגבייה ביחידה
קשר רציף עם נציגי חברות הפארמ ה
מעקב אחר תשלומים והסדרת חשבונות
הכנת דוחות תקופתיים ומעקב אחר יעדי הכנסות
דרישות:
השכלה - תואר ראשון בכלכלה או תחום רלוונטי אחר
חובה ניסיון בכספים
חובה היכרות עם תחום המחקרים הקליניים - הכרת תקציבים, חוזים פרוטוקולים
חוב ה שליטה ברמה גבוהה באקס ל
שליטה במערכות הרפואי ות - נמ""ר, קמיליון ו- LABOS
ארגון וסדר תוך הקפדה על פרטים
יכולת עבודה בסביבה רב-משימתית
שליטה באנגלית ובסביבה ממוחשבת
יכולת עבודה בצוות ויחסי אנוש מעולים
היקף משרה:
משרה מלאה- 8 שעות ביום, 5 ימים בשבוע, 7:30/8:00-15:30/16:00"
רכז.ת רשומות רפואיות,המרכז הרפואי תל-אביב (איכילוב),תל אביב יפו,2026-06-04,https://jobs.tasmc.org.il/Positions/redmatch-apply/redmatch.apply.html?compPositionID=198156,כללי,onsite,"תיאור תפקיד:
אחזור מידע רפואי למטופלים.ות ולצד ג' - איתור מידע רפואי ממגוון מערכות, ביצוע בקרת איכות ושלמות הרשומה הרפואית תוך התייחסות להיבטים משפטיים והיבטי ניהול סיכונים הכרוכים בתהליך מסירת המידע למבקש.
מעקב אחר ביצוע הנחיות בהתאם לרגולציה.
התפקיד כולל מענה טלפוני, קבלת קהל ועבודה מול מגוון ממשקים (פנים וחוץ).
דרישות:
ניסיון אדמיניסטרטיבי קודם
אנגלית ברמה טובה
תואר ראשון - יתרון משמעותי
בוגר.ת קורס רשמים רפואיים - יתרון משמעותי
היכרות עם מערכות מידע רפואיות כגון: קמיליון, נמר, תוכנות אופיס, CRM וכו'.
""ראש גדול"", יכולת לימוד עצמית גבוהה, דיסקרטיות מוחלטת, סדר וארגון, יכולת תפקוד תחת לחץ
יחסי אנוש טובים ועבודה בצוות
יכולת למידה באופן עצמאי
היקף משרה:
משרה מלאה, ימים א'-ה', 8:00-16:00"
"ראש.ת צוות ומנהל.ת פרויקטים דיגיטל- החלפה לחל""ד",המרכז הרפואי תל-אביב (איכילוב),תל אביב,2026-06-03,https://jobs.tasmc.org.il/Positions/redmatch-apply/redmatch.apply.html?compPositionID=198151,"תשתית, מערכות מידע ואבטחת מידע- IT",onsite,"תיאור תפקיד:
ניהול והובלת צוות CRM (של 2 מיישמים)
הובלת פרויקטים דיגיטליים מקצה לקצה - משלב האפיון מול לקוח, דרך ניתוח הפתרון עם הגורמים הטכניים, ועד לליווי והטמעת הפרויקט.
אחריות על מערכות CRM ורב-ערוציות בארגון
ניהול והובלת פרויקטים בתחום עמדות קבלה עצמית ועמדות שירות עצמי
ניתוח דרישות עסקיות ותרגומן לפתרונות מערכות מידע
אפיון תהליכים וכתיבת מסמכי אפיון פונקציונליים וטכניים
עבודה מול ממשקים רבים - ספקים, צוותי פיתוח, תשתיות ויחידות עסקיות
ניהול תקלות, תעדוף משימות ושיפור תהליכים קיימים
דרישות התפקיד:
ניסיון של 3+ שנים בניהול פרויקטים במערכות מידע / דיגיטל- חובה
ניסיון בעבודה עם מערכות CRM- חובה
ניסיון בעבודה עם מערכות CRM DYNAMICS - יתרון משמעותי
ניסיון באפיון מערכות וכתיבת מסמכי דרישות- חוןבה
ניסיון בהובלת צוות קטן או בניהול פרוייקטים
הבנה טכנולוגית טובה, כולל עבודה עם ממשקי API ואינטגרציות בין מערכות- חובה
ניסיון בעבודה מול ספקים וגורמים טכנולוגיים- חובה
יכולת עבודה מול לקוחות פנימיים והבנת צרכים עסקיים
ניסיון בעבודה ארגונים גדולים / מערכות מורכבות - יתרון
היכרות עם תחום הבריאות / מערכות רפואיות - יתרון
ניסיון בעולמות הדיגיטל וחוויית משתמש - יתרון
ניסיון בעבודה עם מערכות omni channel יתרון
היקף משרה:
משרה מלאה, א'-ה'."
מפתח.ת Full Stack,המרכז הרפואי תל-אביב (איכילוב),תל אביב,2026-06-03,https://jobs.tasmc.org.il/Positions/redmatch-apply/redmatch.apply.html?compPositionID=198149,"תשתית, מערכות מידע ואבטחת מידע- IT",onsite,"אנחנו מחפשים מפתח.ת חזק.ה שיצטרף / תצטרף להובלת פיתוח מוצרים מבוססי AI בתוך בית חולים.
תיאור תפקיד:
בנייה והטמעה של פתרונות AI חדשים, שילוב מודלים מתקדמים בתהליכי עבודה ופיתוח
מערכות מקצה לקצה בסביבה מורכבת עם השפעה אמיתית על חוויית המטופלים והצוותים הרפואיים.
דרישות התפקיד:
ניסיון של 3 שנים לפחות בפיתוח מערכות עם דגש על Backend ויכולת בסיסית ב- Frontend (React) -חובה.
ניסיון של שנה לפחות בשימוש בכלי פיתוח מבוססי AI למשל KIRO לצורך פיתוח והטמעת פתרונות - חובה.
ניסיון של שנה לפחות בפיתוח והטמעה של סוכני AI על גבי פלטפורמות Agentic AI , כולל בניית workflows , orchestration וחיבור לכלים ומקורות מידע .​​​​​​- חובה.
ניסיון בפיתוח ב- Python ברמת Production - חובה.
ניסיון בבניית REST APIs ואינטגרציה עם מערכות פנימיות וחיצוניות - חובה.
עבודה עם מסדי נתונים (כמו Postgres ) ו- Vector Databases , ושילובם במערכות קיימות - חובה.
ניסיון בעבודה Hands-On בסביבת Build Fast , הובלת פיתוח פתרונות מקצה לקצה - חובה.
למידה מהירה, הסתגלות לטכנולוגיות חדשות ויכולת עבודה בסביבה דינמית ומהירה .
פריסה וניהול מערכות באמצעות Docker ו- Kubernetes , כולל עבודה בסביבות ענן ) AWS , יתרון ל- Azure)- יתרון.
ניסיון בעבודה עם מערכות מורכבות או ארגונים גדולים - יתרון.
ניסיון בעולמות הבריאות או המידע הרפואי - יתרון.
היקף משרה:
משרה מלאה, א'-ה'."
רכז.ת למרכז שירות לעובד.ת באגף משאבי אנוש,המרכז הרפואי תל-אביב (איכילוב),גוש דן,2026-06-03,https://jobs.tasmc.org.il/Positions/redmatch-apply/redmatch.apply.html?compPositionID=198143,משאבי אנוש,onsite,"תיאור תפקיד:
מתן שירות במגוון ערוצים (פרונטלי\טלפוני\מיילים\וואטסאפ) לעובדי.ות המרכז הרפואי בתחומי משאבי האנוש השונים, כחלק מצוות מרכז השירות לעובד.ת.
הענקת סיוע בביצוע פעולות ושירותים מגוונים לעובדי.ות המרכז הרפואי בתחומי: שכר ונוכחות, הדרכה, עדכון פרטים אישיים, ביטוחים, מתנות ועוד.
תמיכה תפעולית במגוון פעילויות ואירועי רווחה של הארגון.
ייזום והטמעת רעיונות יצירתיים והובלת פרויקטים בתחום השירות לעובד.ת.
התנהלות אל מול ממשקים פנים ארגוניים והפקת דוחות בתחום השירות וחוויית העובד.ת.
דרישות:
בוגר.ת תואר ראשון
ניסיון קודם בתפקיד עם אוריינטציה שירותית
ניסיון קודם בעבודה במרכז שירות / מוקד - יתרון משמעותי
אקסל ברמה טובה- יתרון
יכולת התנסחות טובה בכתב ובעל פה
חדשנות, יזמות, פרו-אקטיביות ותודעת שירות גבוה, יחסי אנוש מעולים, יכולת עבודה תחת לחץ, יושרה ואמינות
היקף משרה:
100% משרה מלאה, ימים א׳-ה׳, 7:30-16:00"
מידען.ית,המרכז הרפואי תל-אביב (איכילוב),גוש דן,2026-06-02,https://jobs.tasmc.org.il/Positions/redmatch-apply/redmatch.apply.html?compPositionID=198128,"מידענות וניהול ידע, ספריה וארכיון",onsite,"תיאור תפקיד:
סיוע בתכנון ובניהול תוכניות מדעיות לכנסים רפואיים בארץ ובעולם
ביצוע סקירות ספרות מקצועיות ומדעיות, איסוף חומרים, עריכה והגהה של מאמרים וחומרים מקצועיים
הכנת מצגות, חומרים מקצועיים והרצאות עבור הנהלה, צוותים מקצועיים וכנסים
עבודה מול חברות תרופות, מרצים וגורמים מחו""ל
עבודה שוטפת עם מאגרי מידע רפואיים וביצוע חיפושי ספרות מקצועיים
דרישות:
עברית ואנגלית ברמת שפת אם - חובה
תואר במידענות – חובה
ניסיון במידענות רפואית – יתרון
היכרות עם מערכות מידע רפואיות ותפעוליות כגון SAP – יתרון
שליטה בתוכנות אופיס, אוריינות טכנולוגית גבוהה
יכולת עבודה עצמאית לצד יכולת עבודה בצוות
היקף משרה:
100% משרה מלאה, ימים א'-ה', משרה היברידית"
מתאמ.ת מחקר למחלקת אורולוגיה,המרכז הרפואי תל-אביב (איכילוב),תל אביב,2026-05-31,https://jobs.tasmc.org.il/Positions/redmatch-apply/redmatch.apply.html?compPositionID=197717,"מדעים ומו""פ כללי",onsite,"תאור התפקיד:
תפעול שוטף של מחקרים פנימיים וחיצוניים.
קשר עם מטופלים, חוקרים, מרכזים רפואיים וחברות בארץ ובחו""ל, ועבודה מול ועדת הלסינקי.
איסוף ותיעוד נתונים במאגרי מידע ממוחשבים.
טיפול בדגימות ביולוגיות (רקמות / דם / שתן).
דרישות:
תואר ראשון מתחומי הבריאות.
תעודת R3 GCP כולל נהלי משרד הבריאות הישראלי.
עברית ואנגלית ברמה גבוהה.
רוסית / ערבית כשפות נוספות - יתרון.
רשיון ללקיחת דם - יתרון.
היקף משרה:
משרה מלאה, א'-ה', 08:00-16:00 / 09:00-17:00"
מוביל.ת מחקר PreAct Israel – מרכז מוכנות לטראומה נפשית המונית,המרכז הרפואי תל-אביב (איכילוב),גוש דן,2026-05-31,https://jobs.tasmc.org.il/Positions/redmatch-apply/redmatch.apply.html?compPositionID=198091,"מדעים ומו""פ כללי",onsite,"מוביל.ת מחקר PreAct Israel - מרכז מוכנות לטראומה נפשית המונית
על התפקיד
PreAct Israel הוא מרכז חדשני הפועל בשיתוף המרכז הרפואי האוניברסיטאי תל אביב (איכילוב) ו-Mount Sinai בניו יורק, בתחום המתהווה של Mass Mental Trauma Preparedness. אנו מחפשים חוקר.ת מצטיין.ת בשלבי פוסט-דוקטורט להוביל את תחום המחקר והידע של המרכז - לבנות תשתית ידע, מדידה ולמידה, ולחבר בין מחקר אקדמי לעשייה בשטח.
בניית מתודולוגיות להערכת מוכנות מערכתית וקהילתית ופיתוח מדדים וכלי הערכה ייעודיים לתחום ה-Trauma Preparedness
הובלת סקרי צרכים ומחקרי שטח, עבודה עם נתונים איכותניים וכמותניים והפקת תובנות מתוך פעילות השטח
ליווי מחקרי של פיילוטים ותהליכי הטמעה, פיתוח מודלים להערכת אפקטיביות ואימפקט ובניית מנגנוני למידה ושיפור מתמשכים
עבודה רב-תחומית עם אנשי קליניקה, רספונדרים, אנשי טכנולוגיה וקובעי מדיניות בארץ ובעולם
שיתוף פעולה פעיל עם Mount Sinai ושותפים נוספים, לרבות השתתפות בכתיבה אקדמית, הצגות מקצועיות ופיתוח התחום לאורך זמן
דרישות התפקיד
תואר שלישי (או לקראת סיום) בתחום רלוונטי - פסיכולוגיה קהילתית/ארגונית, בריאות הציבור, מדעי ההתנהגות, Health Systems, Implementation Science, מדעי הרפואה או תחומים משיקים - חובה
ניסיון בפיתוח מתודולוגיות מחקר - חובה
אנגלית ברמה גבוהה מאוד - חובה
ניסיון במחקר יישומי או מחקר שטח, היכרות עם תחומי חירום, חוסן או בריאות הנפש - יתרון
ניסיון בעבודה עם מערכות ציבוריות או קהילתיות, ניסיון בהערכת תוכניות, תהליכי הטמעה או פיתוח כלים - יתרון
היכרות עם עולמות AI, digital health או decision-support systems- יתרון
ניסיון בפרסום מאמרים וכתיבת מענקים- יתרון
יכולת עבודה עצמאית בסביבה מתפתחת ורב-תחומית
עניין בחיבור בין מחקר לבין השפעה בעולם האמיתי
יכולות מחקר איכותני ו/או כמותני ברמה גבוהה
היקף משרה:
משרה מלאה, א'-ה'."
מפתח.ת טכנולוגיות למידה PreAct Israel,המרכז הרפואי תל-אביב (איכילוב),גוש דן,2026-05-31,https://jobs.tasmc.org.il/Positions/redmatch-apply/redmatch.apply.html?compPositionID=198089,משאבי אנוש,onsite,"PreAct Israel הוא מרכז חדשני למוכנות למצבי טראומה נפשית המונית, הפועל בשיתוף המרכז הרפואי האוניברסיטאי תל אביב ע״ש סוראסקי (איכילוב) ו Mount Sinai בניו יורק.
אנו מחפשים איש.אשת מקצוע בפיתוח למידה ומוצרים דיגיטליים, שיוביל/תוביל את הפיכת הידע הקליני, המחקרי והיישומי של PreAct לכלים דיגיטלים וחוויות למידה חדשניות וסקיילביליות.
תיאור התפקיד:
בניית מוצרי למידה דיגיטליים
שילוב טכנולוגיית AI במוצרי למידה דיגיטליים
שיפור חוויית המשתמש (UX/UI) של תהליכי הלמידה וההטמעה
אפיון המוצרים באופן שוטף מול אנשי מקצוע מתחומי הפסיכיאטריה, הפסיכולוגיה וארגונים חברתיים
דרישות התפקיד:
ניסיון מקצועי ב: פיתוח למידה והדרכה ו/או EdTech ו/או הטמעת ידע בארגונים ו/או UX ללמידה
ניסיון בפיתוח והנגשת תוכן בתצורות של טקסט ווידאו
הכרות עם טכנולוגיות AI וכלים דיגיטליים לעולמות הלמידה
יכולת עבודה עצמאית בסביבה חדשנית ומתפתחת
יתרון משמעותי לבעלי רקע בפסיכולוגיה, פסיכיאטריה, פסיכותרפיה או בריאות הנפש
יתרון לניסיון בעולמות חירום, טראומה, קהילה או בריאות הציבור
היקף משרה:
משרה מלאה, א'-ה'."
"מתאמ.ת מחקר למרכז למחלות חומר לבן - ביה""ח דנה דואק לילדים - 1/3  משרה",המרכז הרפואי תל-אביב (איכילוב),תל אביב,2026-05-30,https://jobs.tasmc.org.il/Positions/redmatch-apply/redmatch.apply.html?compPositionID=198088,"מדעים ומו""פ כללי",onsite,"בית החולים דנה דואק לילדים במרכז הרפואי ת""א (איכילוב) , המרכז למחלות חומר לבן (לויקודיסטרופיות) מגייס מתאמ.ת מחקר בחלקיות משרה שיצטרף לצוות העוסק בעבודת מחקר
במסגרת התפקיד:
טיפול בתהליך לאישור המחקר בועדת הלסינקי: מילוי טפסים, הגשת מסמכים לועדה
התכתבויות עם הצוות בארץ ובחו""ל
קשר עם המטופלים ועם בני משפחותיהם
הכנה ותפעול של תהליך המחקר: תיאומי ביקורים, תיווך בין גורמים הרלוונטים, טיפול בדגימות
ניהול נתוני המחקר: ניהול והזנת נתונים במערכות ממוחשבות, הכנת ושליחת דיווחים, מתן מענה לשאילתות
קשרי עבודה עם גורמים מחוץ לארגון: רשויות רגולטוריות, חברות תרופות
טיפול שוטף בנושאים מנהלתיים של תחום האחריות: כספים ותקציב, מלאי תרופות וציוד , ארכיב מחקר
דרישות :
השכלה אקדמית (מדעי החיים והטבע / רפואה / מקצועות הבריאות ודומיהם)- חובה
אנגלית ברמת שליטה מלאה (דיבור כתיבה וקריאה)- חובה
קורס GCP/ CRA- יתרון
ניסיון קודם בתחום תאום מחקרים והיכרות עם תקנות ונהלים בתחום- יתרון
תקשורת טובה עם מבוגרים וילדים
יכולת ארגון הקפדה על פרטים ודיוק
היקף משרה:
חלקית - 33%"
מתאמ.ת מחקר למחלקת גסטרו (IBD),המרכז הרפואי תל-אביב (איכילוב),תל אביב,2026-05-30,https://jobs.tasmc.org.il/Positions/redmatch-apply/redmatch.apply.html?compPositionID=198087,"מדעים ומו""פ כללי",onsite,"מחלקת גסטרו (IBD) במרכז הרפואי ת""א (איכילוב) מגייסת מתאמ.ת מחקר להשתלבות בצוות
במסגרת התפקיד:
עבודה על מחקרים מסחריים הכוללת הגשות לועדת הלסינקי
ליווי מטופלים לכל אורך השתתפותם במחקר - החל בסינון ועד ביקור סיום
תיאום תורים ובקרה על כך שפרוצדורות המחקר מתבצעות לפי פרוטוקול המחקר
תיאום מול המחלקות השונות בבית החולים ותקשורת רציפה עם צוות הניטור מטעם יזם המחקר.
דרישות :
שליטה מעולה בשפה האנגלית - חובה
ניסיון בעבודת תיאום של מחקרים מסחריים - חובה
GCP בתוקף - חובה
היכרות עם תוכנת מטרות- חובהא
תואר ראשון במקצועות הבריאות/מדעי החיים - יתרון
ניסיון בעבודה מול מטופלים- יתרון
היקף המשרה: - מלאה"
אדריכל.ית למערך ההנדסה והבינוי,המרכז הרפואי תל-אביב (איכילוב),איכילוב,2026-05-29,https://jobs.tasmc.org.il/Positions/redmatch-apply/redmatch.apply.html?compPositionID=198086,אדריכלות וארכיטקטורה,onsite,"מערך ההנדסה והבינוי של המרכז הרפואי ת""א (איכילוב) נמצא בחזית הפיתוח של אחד המרכזים הרפואיים המובילים בישראל. אנו מחפשים אדריכל.ית יצירתי.ת, דינמי.ת ובעל.ת ראייה מרחבית ומערכתית, להשתלבות בצוות המוביל את תכנון ופיתוח תשתיות בית החולים.
התפקיד משלב עבודה תכנונית עצמאית, עבודת צוות מול דרגים בכירים וניהול פרויקטים בשטח במטרה לעצב את סביבת המחר של הרפואה בישראל.
תחומי אחריות עיקריים:
תכנון אדריכלי: תכנון מגוון עבודות ופרויקטים ברחבי המרכז הרפואי.
ליווי ובקרת תכנון: פיקוח, בקרה וליווי של מתכננים ויועצים חיצוניים משלב הקונספט ועד לביצוע.
שרטוט והפקה: ביצוע שרטוטים אדריכליים מורכבים ומתן סיוע תכנוני-הנדסי למהנדסים הראשיים של המערך.
ניהול פרויקטים: הובלה, תיאום וניהול פרויקטים של בינוי ושיפוץ, עמידה בלוחות זמנים ובתקציבים.
סטנדרטיזציה: גיבוש, הטמעה ואכיפה של סטנדרטים אדריכליים ועיצוביים אחידים ברחבי בית החולים.
דרישות התפקיד:
השכלה: תואר ראשון בארכיטקטורה / אדריכלות ממוסד אקדמי מוכר או תעודת הנדסאי/ת אדריכלות – חובה.
רישום: רישום בפנקס המהנדסים והאדריכלים / בפנקס ההנדסאים – חובה.
ניסיון מקצועי: ניסיון מוכח בתכנון אדריכלי של שנתיים לפחות – חובה.
תוכנות: שליטה מצוינת בתוכנות שרטוט ותכנון (AutoCAD ו-Revit) ותוכנות אופיס – חובה.
ניסיון ברישוי: ניסיון בתהליכי רישוי בנייה – יתרון.
יתרון נוסף: ניסיון בתכנון במערכת הבריאות או במגזר הציבורי.
כישורים אישיים: יחסי אנוש מעולים, יכולת עבודה בצוות, יכולת הנעת תהליכים וממשקים מרובים, ומחויבות לסטנדרטים גבוהים של איכות ודיוק.
היקף משרה:
משרה מלאה ימים א-ה"
עובד.ת סוציאלי.ת קליני.ת- מנהל.ת אחראי.ת במערך הפסיכיאטרי ( 70% משרה),המרכז הרפואי תל-אביב (איכילוב),איכילוב,2026-05-29,https://jobs.tasmc.org.il/Positions/redmatch-apply/redmatch.apply.html?compPositionID=198085,"עבודה סוציאלית, שירותי רווחה וייעוץ",onsite,"המערך הפסיכיאטרי מחפש עו״ס.ית קליני.ת לתפקיד מנהל אחראי.ת - תפקיד דינמי, ניהולי בסביבה משתנה ומתפתחת ולהיות חלק ממוקד צומת ההחלטות ועיצוב מדיניות של מערך בריאות הנפש במערך הפסיכיאטרי במרכז הרפואי ת""א (איכילוב)
תיאור התפקיד
ניהול צוות של 35-40 עו""סים קליניים בכלל יחידות המערך הפסיכיאטרי במרכז הרפואי ת""א (איכילוב)
קליטה, הטמעה והדרכה של עובדים חדשים בתחומים ארגוניים וקליניים
שותפות בעיצוב מדיניות ויעדי המערך הפסיכיאטרי
פיתוח יכולות פסיכותרפיה ובריאות הנפש של הצוות
אחריות על תחומי השיקום וחיבור למסגרות קהילתיות
מיצוי זכויות מטופלים וייצוגם בוועדות סל שיקום
קידום טיפולים זוגיים ומשפחתיים בכלל יחידות המערך
ממשק שוטף עם השירות הסוציאלי הראשי ועם גורמי רווחה עירוניים
אחריות על סטודנטים ופרקטיקנטים ומתנדבים לעבודה סוציאלית
דרישות התפקיד
עו""ס/ית קליני/ת עם לפחות 10 שנות ניסיון - חובה
בוגר/ת בית ספר לפסיכותרפיה - יתרון
ניסיון קליני בהדרכת אנשי צוות - במגזר הפרטי או הציבורי- חובה
יכולות ניהוליות עם צוותים רב-מקצועיים (פסיכיאטרים, פסיכולוגים, מרפאים בעיסוק)
יתרון: תעודת הדרכה מוכרת
יתרון: תעודת מומחיות בבריאות הנפש
היקף משרה: - 70%"
"מזכיר.ה ללשכת מנכ""לית תאגיד הבריאות - 50% משרה",המרכז הרפואי תל-אביב (איכילוב),גוש דן,2026-05-28,https://jobs.tasmc.org.il/Positions/redmatch-apply/redmatch.apply.html?compPositionID=198076,אדמינסטרציה,onsite,"תיאור תפקיד:
ניהול מספר יומנים דינמיים ומורכבים ותיאום פגישות מרובות משתתפים מול גורמי פנים וחוץ, לצד מתן מענה טלפוני ועבודה אדמיניסטרטיבית שוטפת במחלקה.
סיוע בתפעול, בקרה ומעקב אחר משימות, כולל עבודה עם מערכת Monday.
קליטת עובדים חדשים, תפעול פעילויות רווחה של האגף (הפקת אירועים, ימי גיבוש ועוד)
דרישות:
ניסיון אדמיניסטרטיבי קודם
שליטה מצוינת בתוכנות אופיס ו-Outlook
אנגלית ברמה טובה
ניסיון קודם בניהול יומן - יתרון
Canva וכלי AI - יתרון
היכרות עם מערכת Monday - יתרון
""ראש גדול"", סדר, דיוק, אמינות, תקשורת בין אישית מצוינת, יוזמה ויכולת הנעת תהליכים ומשימות בסביבה מרובת משימות
היקף משרה:
50% משרה
5 ימים (4 שעות) / 3 ימים מרוכזים - אופציונלי לסטודנטים.ות"
נציג.ת מוקד תמיכה אפליקטיבי / טכני,המרכז הרפואי תל-אביב (איכילוב),גוש דן,2026-05-28,https://jobs.tasmc.org.il/Positions/redmatch-apply/redmatch.apply.html?compPositionID=198074,"תשתית, מערכות מידע ואבטחת מידע- IT",onsite,"למוקד השירות הטכנולוגי במרכז הרפואי ת""א (איכילוב) דרוש.ה נציג.ת מוקד תמיכה אפליקטיבית (טכני.ת).
השתלבות בפעילות השוטפת של המוקד למענה ראשוני למשתמשי הארגון בתקלות, פניות ובקשות שירות במערכות הארגוניות והקליניות.
התפקיד כולל- מתן תמיכה טלפונית ואפליקטיבית למשתמשי הקצה, טיפול בפניות במערכת הקריאות, תיעוד מלא של מהלך הטיפול, העברת פניות לגורמים מקצועיים במידת הצורך, ומעקב אחר סגירת הטיפול בהתאם לנהלי השירות וה-SLA הארגוני.
תיאור התפקיד:
מתן מענה טלפוני ואפליקטיבי למשתמשי הארגון במסגרת מוקד השירות הטכנולוגי.
פתיחה, תיעוד, טיפול ומעקב אחר קריאות שירות במערכת ServiceNow או מערכת הקריאות הארגונית.
תמיכה במשתמשים במערכות ארגוניות וקליניות בהתאם להרשאות ולנהלים.
איסוף פרטים וביצוע בדיקה ראשונית של תקלות ופניות משתמשים.
עבודה מול גורמי IT, צוותים אפליקטיביים, ספקים וגורמים מקצועיים לצורך קידום פתרון תקלות.
זיהוי תקלות חוזרות, הצפת פערים והמלצה על שיפור תהליכי עבודה.
שמירה על רמת שירות גבוהה, מקצועיות, זמינות ועמידה ביעדי השירות של המוקד.
עבודה בהתאם להנחיות מנהלת המוקד ומנהל תחום השירות הטכנולוגי.
דרישות התפקיד:
ניסיון במתן שירות- חובה
ניסיון קודם במוקד שירות / מוקד טכני / מוקד אפליקטיבי - יתרון משמעותי.
היכרות עם מערכות מידע ארגוניות או קליניות - יתרון.
יכולת למידה מהירה של מערכות ותהליכים חדשים.
אוריינטציה טכנית ואפליקטיבית גבוהה.
יכולת עבודה מול משתמשי קצה, כולל משתמשים שאינם טכנולוגיים.
תודעת שירות גבוהה, סבלנות ויכולת התנסחות ברורה.
יכולת עבודה בצוות ובסביבה מרובת משימות.
אחריות אישית, סדר ודיוק בתיעוד ובמעקב אחר פניות.
יכולת עבודה מול ממשקים רבים בארגון.
היכרות עם ServiceNow - יתרון.
היקף משרה:
משרה מלאה בשעות: 7:30 / 07:00 עד 15:30.
נדרשת נכונות לביצוע שעות נוספות בהתאם לצורך.
נדרשת נכונות לעבודה במשמרת ערב בשעות 15:00 עד 23:00, בהתאם לצורכי הארגון ובניהול מנהלת המוקד.(ניתן לבצע משמרות ערב מהבית)
נדרשת נכונות לעבודה בימי שישי ושבת בהתאם לצורך, במשמרות: 08:00 עד 15:00 / 15:00 עד 23:00
העבודה במשמרות ערב, שישי ושבת תתבצע בהתאם לצרכים התפעוליים של הארגון ולסידור העבודה של המוקד. (ניתן לבצע משמרות סופ""ש מהבית)"
מנהל.ת בקרת פרויקטים (PMO) ואחראי.ת התקשרויות מתכננים וקבלנים,המרכז הרפואי תל-אביב (איכילוב),גוש דן,2026-05-27,https://jobs.tasmc.org.il/Positions/redmatch-apply/redmatch.apply.html?compPositionID=198064,בינוי ובניין,onsite,"למערך ההנדסה והבינוי במרכז הרפואי ת""א (איכילוב) דרוש.ה מנהל.ת PMO ואחראי.ת התקשרויות,
לתפקיד מרכזי ודינמי הכולל עבודה בסביבה רב-מערכתית ובממשקים מרובים.
תיאור תפקיד:
ניהול ובקרת פרויקטים הנדסיים במתודולוגיית PMO
אחריות על התקשרויות עם מתכננים וקבלנים
ניתוחי שכר למתכננים ובקרה תקציבית שוטפת
בדיקת חשבונות ואישור תשלומים למתכננים וקבלנים
ליווי והובלת מכרזים לקבלנים
עבודה רוחבית מול מנהלי פרויקטים, גורמי תקציב ובקרה בתוך בית החולים
ממשק עבודה מול מתכננים וקבלנים חיצוניים
עבודה שוטפת במערכות Ramdor ו-Monday
דרישות התפקיד:
תואר ראשון בהנדסה (תעשייה וניהול / אזרחית / מכונות) - חובה
ניסיון מוכח בתחום ההתקשרויות וניהול ספקים בפרויקטים הנדסיים - חובה
הבנה הנדסית רחבה ויכולת ניתוח והעמקה במסמכים מקצועיים
ניסיון בבקרה תקציבית וניתוח חשבונות - יתרון משמעותי
ניסיון בעבודה עם מערכות ניהול פרויקטים (Ramdor, Monday) - יתרון
יכולת עבודה עצמאית ובצוות, סדר וארגון ברמה גבוהה
יחסי אנוש מצוינים ויכולת עבודה מול ממשקים מרובים
כפיפות וממשקים:
כפיפות למהנדס הראשי של בית החולים
עבודה בממשק רציף עם מנהלי פרויקטים, יחידות תקציב, ספקים ויועצים חיצוניים
היקף המשרה:
משרה מלאה"
טכנאי.ת בוקר למכון שינה,המרכז הרפואי תל-אביב (איכילוב),תל אביב,2026-05-24,https://jobs.tasmc.org.il/Positions/redmatch-apply/redmatch.apply.html?compPositionID=198021,כללי,onsite,"תיאור תפקיד:
פענוח בדיקות שינה במעבדה.
הכנת חדר ציוד עבור התאמות.
השאלת מכשירים, הורדת מידע מהמכשיר ותיוגו לפי נושא ומתן הסבר עם השימוש בו.
הכנסת תשובות בדיקות שינה ביתיות והתאמות למערכת.
חיבור וניטור בדיקות MSLT וMWT.
דרישות:
הנדסאי.ת מכשור רפואי/ טכנולוג.ית רפואי.ת
רקע טכנולוגי
ידע ומיומנות בתחום - יתרון משמעותי
היקף משרה:
נכונות לעבודה בהיקף של 80% משרה
5 ימים בשבוע 8:00-14:00 / 4 ימים 7:30-15:30"
"מתאמ.ת אשפוזים, איכילוב הום- 80% משרה",המרכז הרפואי תל-אביב (איכילוב),גוש דן,2026-05-20,https://jobs.tasmc.org.il/Positions/redmatch-apply/redmatch.apply.html?compPositionID=197935,אדמינסטרציה,onsite,"עבודה תפעולית כחלק מצוות אשפוזי הבית של איכילוב הום, בסביבה דינמית ומרובת ממשקים, פנים וחוץ ארגוניים.
במסגרת התפקיד:
תיאום אשפוזי בית ממחלקות בית החולים מול נותני השירות הרלוונטיים,
תיאום בדיקות למאושפזי בית
מענה לפניות טלפוניות ופניות ממוחשבות, תוך תיעדוף משימות ומתן שירות מקצועי ויעיל
דרישות:
ניסיון אדמיניסטרטיבי קודם
ניסיון קודם ממוסד רפואי - יתרון
שליטה טובה בישומי Office
היכרות עם מערכות קמיליון ונמ""ר - יתרון
אחריות אישית, למידה מהירה, דייקנות, שירותיות ויכולת עבודה עצמאית בסביבה דינמית ומרובת משימות.
היקף משרה:
80% משרה, ימים א'-ה', שעת התחלה גמישה"
מנהל.ת הדרכה ופיתוח ארגוני,המרכז הרפואי תל-אביב (איכילוב),תל אביב,2026-05-18,https://jobs.tasmc.org.il/Positions/redmatch-apply/redmatch.apply.html?compPositionID=197982,משאבי אנוש,onsite,"אגף משאבי אנוש מגייס מנהל. הדרכה ופיתוח ארגוני, בכפיפות ישירה לסמנכ""לית משא""ן. במסגרת התפקיד- הובלה, פיתוח והטמעה של אסטרטגיות למידה, הכשרה ופיתוח ארגוני בבית החולים, במטרה לחזק את ההון האנושי, לשפר מקצועיות ושירות, לקדם מצוינות ארגונית ולתמוך ביעדים האסטרטגיים של בית החולים.
תחומי אחריות מרכזיים:
ניהול תחום ההדרכה
בניית תוכנית עבודה שנתית בתחום ההדרכה והלמידה הארגונית.
איתור צרכי הדרכה מול הנהלות, מחלקות וסקטורים מקצועיים.
פיתוח והטמעת מערכי הכשרה לעובדים, מנהלים וצוותים רפואיים ומנהליים וניהול מערך הכשרות חובה, רגולציה והסמכות מקצועיות.
פיתוח פתרונות למידה מתקדמים: לומדות, למידה דיגיטלית, סימולציות והדרכות פרונטליות.
מדידה ובקרה של אפקטיביות ההדרכה והפקת דוחות ומדדים.
פיתוח ארגוני
ליווי מנהלים ותהליכי שינוי ארגוניים, הובלת תהליכי פיתוח מנהלים, עתודות ניהוליות ופיתוח קריירה.
פיתוח תרבות ארגונית, חוויית עובד ומעורבות עובדים.
הובלת סקרים ארגוניים ותהליכי שיפור מבוססי נתונים.
ייעוץ למנהלים בנושאי עבודת צוות, תקשורת פנים ארגונית וניהול ממשקים.
הובלה, הטמעה וליווי של תהליכי משוב והערכת עובדים ומנהלים בארגון.
הובלת פרויקטים אסטרטגיים ותהליכים רוחביים- בתחום ההון האנושי.
עבודה מול הנהלה בכירה, גורמי רפואה, סיעוד ומטה.
ניהול ספקים, תקציבי הדרכה ומכרזים בתחום הלמידה והובלת תהליכי חדשנות בלמידה ובפיתוח ארגוני.
דרישות התפקיד
ניסיון של לפחות 5 שנים בניהול תחום הדרכה ופיתוח ארגוני בארגון גדול – חובה.
ניסיון בניהול צוות עובדים והובלת פרויקטים מורכבים.
ניסיון במערכת הבריאות / בתי חולים – יתרון.
ניסיון בפיתוח תוכניות למידה והטמעת מערכות– יתרון.
תואר ראשון בתחומי מדעי ההתנהגות, פסיכולוגיה, משאבי אנוש, ייעוץ ארגוני או תחום רלוונטי
תואר שני בפיתוח ארגוני / מנהל עסקים / ייעוץ ארגוני – יתרון.
יכולת הובלה והנעת תהליכים בארגון מורכב ורב-מערכתי, ראייה מערכתית וחשיבה אסטרטגית.
יכולת עבודה מול ממשקים רבים, יכולות פרזנטציה, הנחיה ועמידה מול קהל.
שליטה גבוהה ביישומי Office ובמערכות למידה דיגיטליות."
עובד.ת מעבדה לאיפיון תאים FACS בהמטולוגיה,המרכז הרפואי תל-אביב (איכילוב),תל אביב,2026-05-15,https://jobs.tasmc.org.il/Positions/redmatch-apply/redmatch.apply.html?compPositionID=197961,רפואה ובריאות,onsite,"למעבדה ההמטולוגית, לצוות לאיפיון מחלות המטולוגיות ממאירויותדרוש.ה עובד.ת מעבדה
במסגרת התפקיד:
השתלבות ועבודה עם צוות המעבדה העוסקת באבחנה של ממאירויות המטולוגיות בדם ובמח עצם.
צביעה של משטחי מח עצם, סריקה ממוחשבת של המשטחים, שימוש בטכנולוגית AI לסריקת משטחים ואנליזה ראשונית כ digital imaging
שימוש בפרוטוקלים מתקדמים למעקב אחרי טיפול, שימוש ב NGF לשם הבחנה של מחלה מינימלית שאריתית (MRD).
במקביל, המעבדה לוקחת חלק במחקרים קלינים שונים ביוזמת חוקר.ת וחברות פארמה.
דרישות:
תואר שני במדעי החיים/ ביולוגיה/ ביוטכנולוגיה או כל תואר מקביל
ניסיון מעבדתי קודם-רצוי
רישיון לעבודה במעבדה רפואית של משרד הבריאות - יתרון
אפשרי גם כסטאז' לקראת הכרת מעמד. העבודה היא לטווח ארוך.
ניסיון קודם ב- Flow Cytometry -יתרון
היקף משרה:
משרה מלאה- ימים א-ה.
שעות עבודה: 07:00-15:00 / 08:00:16:00"
"אחראי.ת תוכן וקריאייטיב (החלפת חל""ד- חצי שנה)",המרכז הרפואי תל-אביב (איכילוב),גוש דן,2026-05-14,https://jobs.tasmc.org.il/Positions/redmatch-apply/redmatch.apply.html?compPositionID=197957,שיווק,onsite,"אחריות על הובלת תחום התוכן והקריאייטיב באגף השיווק והדוברות, כולל פיצוח קריאייטיב, פיתוח קונספטים ויצירת תוכן ויזואלי בכלל פלטפורמות הארגון.
תיאור תפקיד:
הובלת פרויקטי תוכן וקריאייטיב משלב הרעיון ועד ההפקה והתוצר הסופי
יצירה והפקה של סרטוני תדמית, קמפיינים, רילסים ותוכן וידאו לדיגיטל ולסושיאל
התאמת תוכן לפלטפורמות שונות ולצרכי הארגון
עבודה מול ספקים חיצוניים בתחומי הפקה, צילום, עריכה, אנימציה ופוסט-פרודקשן
עבודה שוטפת מול צוותי השיווק, הסושיאל והדוברות
שמירה על רמה קריאייטיבית גבוהה ואחידות ויזואלית בכלל התוצרים
דרישות התפקיד:
חשיבה יצירתית, יוזמה ויכולת פיצוח רעיונות ותהליכים
ניסיון קודם בתחום התוכן, הקריאייטיב והפקות הווידאו
שליטה בתוכנות עריכת וידאו ותוכן קריאייטיבי
היכרות עם תהליכי צילום, עריכה ופוסט-פרודקשן.
ניסיון בהובלת פרויקטים קריאייטיביים מרובי ממשקים
יכולת עבודה עצמאית, ניהול משימות ותיעדוף תחת ריבוי פרויקטים
ניסיון בעבודה מול ספקים וגורמי הפקה - יתרון
ניסיון בעבודה בארגון גדול / מערכת ציבורית - יתרון
היקף המשרה:
משרה מלאה בבית החולים, עם אפשרות ליום עבודה אחד מהבית.
משרה זמנית- החלפת חל""ד- חצי שנה"
סטודנט.ית לתפקיד מנטר.ת היגיינת ידיים לעבודה במחלקה למניעת זיהומים,המרכז הרפואי תל-אביב (איכילוב),גוש דן,2026-05-14,https://jobs.tasmc.org.il/Positions/redmatch-apply/redmatch.apply.html?compPositionID=197951,"סטודנטים, נוער, אחרי צבא",onsite,"תיאור תפקיד:
התפקיד כולל ביצוע תצפיות על תהליך היגיינת ידיים במחלקות ויחידות שונות של בה""ח.
העבודה מתאימה לסטודנטים ולסטודנטיות.
נדרשת זמינות לכ-15 שעות שבועיות במשמרות בוקר/ ערב/סופ""ש
הכשרה מקצועית תינתן במקום.
היקף משרה:
שעות עבודה גמישות ומתאימות לסטודנטים.יות
זמינות לכ-15 שעות שבועיות במשמרות בוקר/ ערב/סופ""ש"
כלכלן.ית למחלקת הכנסות בית החולים,המרכז הרפואי תל-אביב (איכילוב),תל אביב,2026-05-12,https://jobs.tasmc.org.il/Positions/redmatch-apply/redmatch.apply.html?compPositionID=197936,"כלכלה, כספים, השקעות ושוק ההון",onsite,"למחלקת הכנסות בבית החולים דרוש.ה כלכלן.ית לתפקיד הכולל עריכת אומדני הכנסות מקופות חולים ומבטחים מוסדיים נוספים, ביצוע בקרה שוטפת על התחשבנות חודשית ושנתית ויישום הסכמים במערכות בית החולים.
במסגרת התפקיד:
בקרת רישום הכנסות משירותים רפואיים שניתנו למבוטחי קופות החולים ומבטחים מוסדיים נוספים
ניתוח פעילות והכנסות המרכז הרפואי
הכנת דוחות הכנסות ודיווח לגורמי פנים וחוץ
אפיון דוחות במערכות BI
טיפול במשימות נוספות בהתאם לצורכי המחלקה והנהלת בית החולים.
דרישות:
תואר ראשון בתחום כלכלי / מנהל עסקים / מנהל מערכות בריאות / כלכלה / תעשייה וניהול - חובה
תואר שני - יתרון
היכרות מוקדמת עם מערכת הבריאות, לרבות קופות חולים, בתי חולים, משרד הבריאות או משרד האוצר - יתרון
ניסיון קודם בתחום דומה - יתרון
יכולת אנליטית גבוהה, שליטה בעבודה עם נתונים ו-Excel, דיוק ויסודיות, לצד יכולת עבודה מול ממשקים ועמידה בלוחות זמנים בסביבה מרובת משימות.
היקף משרה:
100% משרה מלאה, ימים א'-ה', נדרשת נכונות לבצע שעות נוספות בתשלום"
אחראי.ת בקרת תקציבי פיתוח - פרויקטי בינוי,המרכז הרפואי תל-אביב (איכילוב),גוש דן,2026-05-12,https://jobs.tasmc.org.il/Positions/redmatch-apply/redmatch.apply.html?compPositionID=197130,"כלכלה, כספים, השקעות ושוק ההון",onsite,"תיאור תפקיד:
ביצוע בקרה תקציבית של פרויקטי בינוי שמתבצעים במרכז הרפואי תל אביב והתראה על חריגות צפויות.
חתימה על הזמנות בגין פרויקטי בינוי בכפוף לקיום תקציב.
בדיקת חשבונות בגין פרויקטי הבינוי בהתאם לתנאי ההתקשרות טרם העברתם לתשלום, לרבות בדיקת חישובי הצמדות, ניתוחי חריגים וכיו""ב.
עדכון החשבונות שנבדקו ואושרו בדוחות מעקב ביצוע של הפרויקטים הרלוונטיים.
מעקב וטיפול לקיומן של ערבויות וביטוחים בתוקף בתחום הבינוי בכפוף לתנאי ההתקשרויות.
הכנת דוחות תקציב מול ביצוע חודשיים.
ביצוע תפקידים נוספים בתחום המקצועי, עפ""י הנחיות הממונה.
דרישות התפקיד:
תואר ראשון בכלכלה/מנהל עסקים/חשבונאות /כספים
מתאים גם לבוגרי תואר בראיית חשבון שסיימו התמחות במשרד רו""ח (ללא ניסיון)
ניסיון בתחום הבקרה התקציבית - יתרון משמעותי (בעיקר בתחום פרויקטי בינוי)
ניסיון בשימוש במערכות מידע ממוחשבות
בעל.ת יחסי אנוש טובים, בעל.ת תודעת שירות גבוהה, נדרשת אחריות, דייקנות ויסודיות.
ידיעת השפה העברית על בוריה ויכולת ניסוח גבוהה בכתב ובע""פ.
היקף משרה:
משרה מלאה, א'-ה"
רוקח.ת מחלקתי.ת,המרכז הרפואי תל-אביב (איכילוב),גוש דן,2026-05-11,https://jobs.tasmc.org.il/Positions/redmatch-apply/redmatch.apply.html?compPositionID=197919,רפואה ובריאות,onsite,"תיאור תפקיד:
ניהול תחום התרופות ובקרה רוקחית במחלקות ויחידות בית החולים ע""פ התכנית : בקרת מלאי תרופות במחלקות, ביצוע הזמנות תרופות למחלקות, טיפול במרשמים חריגים, מתן יעוץ רוקחי, בקרת איכות הטיפול התרופתי ועוד.
דרישות:
רישיון ישראלי לעסוק במקצוע הרוקחות
מיומנות בעבודה עם מאגרי מידע תרופתי
נכונות לעבודה מאומצת וטיפול במשימות רבות במקביל
ניסיון עבודה בבית חולים (כולל סטאז') - יתרון.
שליטה ביישומי מחשב בסיסיים - יתרון.
הכרות עם מערכות ERP כמשתמש - יתרון.
היקף משרה:
משרה מלאה, א'-ה'.
שעות עבודה 08:00-16:00"
אחראי.ת בקרה תקציבית,המרכז הרפואי תל-אביב (איכילוב),תל אביב,2026-05-11,https://jobs.tasmc.org.il/Positions/redmatch-apply/redmatch.apply.html?compPositionID=197917,"כלכלה, כספים, השקעות ושוק ההון",onsite,"תיאור התפקיד:
אחריות על בקרה תקציבית שוטפת של סעיפי תקציב, לרבות אישור תקציבי של הזמנות במערכות הלוגיסטיות והפיננסיות.
במסגרת התפקיד: ניתוח ביצועי תקציב, הכנת דוחות תקציב מול ביצוע חודשיים עבור בעלי התקציב, הכנת מצגות רבעוניות והשתתפות בישיבות סטטוס מול ממשקים פנים־ארגוניים.
בנוסף, התפקיד כולל הכנת תחזיות לסגירת שנת התקציב, סיוע בתהליך בניית התקציב לשנה העוקבת וביצוע משימות מקצועיות נוספות בהתאם לצורכי היחידה.
דרישות:
תואר ראשון בכלכלה / מנהל עסקים / חשבונאות
ניסיון של שנה-שנתיים בתפקיד כלכלי
ניסיון בתחום הבקרה התקציבית - יתרון משמעותי
שליטה גבוהה ב-Excel וניסיון בניתוח נתונים - חובה
ניסיון בהכנת מצגות ב-PowerPoint - חובה
כושר ביטוי מצוין בכתב ובעל פה, יכולת עבודה עצמאית ומדויקת מול ממשקים מרובים, תוך מתן שירות ברמה גבוהה, סדר וארגון, עמידה בלוחות זמנים, אחריות אישית ויכולת אנליטית גבוהה
היקף משרה:
משרה מלאה, ימים א'-ה', שעת התחלה 7:30-8:30"
מנהל.ת לשכה לאגף לוגיסיטיקה ותשתיות,המרכז הרפואי תל-אביב (איכילוב),תל אביב,2026-05-06,https://jobs.tasmc.org.il/Positions/redmatch-apply/redmatch.apply.html?compPositionID=197834,אדמינסטרציה,onsite,"לאגף לוגיסטיקה ותשתיות, אגף מרכזי, רחב ומרובה ממשקים במרכז הרפואי, דרוש.ה מנהל.ת לשכה לתפקיד מגוון ומשמעותי הכולל תפעול שוטף של הלשכה, תיאום בין גורמים שונים ומתן מעטפת אדמיניסטרטיבית וניהולית לפעילות האגף.
במסגרת התפקיד:
אחריות על ניהול יומן מורכב ותיאום פגישות מרובות משתתפים, תוך הסתכלות קדימה, תיעדוף משימות וזיהוי צרכים ופערים מראש.
תפעול שוטף של הלשכה, מתן מענה טלפוני וכתוב, טיפול בפניות מגורמים פנים וחוץ ארגוניים ועבודה מול ממשקים רבים בתוך המרכז הרפואי.
מעקב, תיעוד ובקרה אחר משימות, לרבות ריכוז סטטוסים והנעת גורמים לביצוע בהתאם לצורך.
הכנת חומרים ומצגות לפגישות, הוצאת סיכומי פגישות וריכוז נתונים.
סיוע בתהליכי קליטת עובדים חדשים לאגף, לצד נגיעה בפעילויות רווחה ופעילויות פנים-אגפיות שונות.
ביצוע משימות נוספות בהתאם לצורכי הלשכה והאגף.
מילוי תפקיד בשעת חירום בהתאם להנחיית הממונה, כחלק מהיות המרכז הרפואי ארגון חיוני.
דרישות:
ניסיון של שנתיים לפחות בניהול לשכה / תפקיד אדמיניסטרטיבי בכיר ומרובה ממשקים - חובה
ניסיון בהכנת מצגות וחומרים ניהוליים - חובה
שליטה מצוינת ביישומי Office, בדגש על Outlook, PowerPoint ו-Excel - חובה
ניסיון במעקב ובקרה אחר משימות ותהליכים - יתרון משמעותי
ניסיון בעבודה עם כלים מתקדמים לניהול משימות ו/או כלי AI - יתרון
תואר ראשון - יתרון
סדר, דיוק ויכולת תיעדוף, לצד שירותיות, תקשורת בין־אישית מצוינת והנעת ממשקים בסביבה מרובת משימות..
היקף משרה:
משרה מלאה, ימים א'-ה'
נדרשת נכונות לשעות נוספות במידת הצורך
*משרה זמנית - החלפה לחל""ד, עם אופציה*"
מנהל.ת מעבדה לאימונולוגיה,המרכז הרפואי תל-אביב (איכילוב),תל אביב,2026-05-04,https://jobs.tasmc.org.il/Positions/redmatch-apply/redmatch.apply.html?compPositionID=197848,"מדעים ומו""פ כללי",onsite,"הצטרפו אלינו לתפקיד בכיר ומשמעותי, המחבר בין רפואת מעבדה, מחקר, אקדמיה ופעילות קלינית מתקדמת, עם השפעה ישירה על תהליכי אבחון וטיפול בבית החולים.
זוהי הזדמנות להוביל מעבדה מקצועית ומרכזית בתחום האימונולוגיה, לקדם חדשנות, לפתח שירותים ובדיקות חדשות, ולהיות חלק מתהליכים ארגוניים רחבים בתחומי דאטה, אוטומציה ו־AI.
תיאור תפקיד:
ניהול כולל של המעבדה לאימונולוגיה, לרבות צוות מקצועי, תהליכי עבודה, פעילות שוטפת ועמידה ביעדים מקצועיים וארגוניים
הובלת תהליכים מקצועיים, שיפור איכות, כתיבת נהלים, הטמעתם ובקרה על יישומם
אחריות על הטמעה, פיתוח והערכה של בדיקות ושיטות מעבדה חדשות
עבודה שוטפת מול רופאים, מחלקות קליניות וגורמים מקצועיים נוספים, תוך חיבור בין תוצאות המעבדה למשמעות הקלינית ולצרכי המטפלים
אחריות על תחום האיכות, בקרות, ולידציות, עמידה בדרישות רגולציה ותקנים מקצועיים
ניהול והובלת צוות עובדים, לרבות חניכה, הדרכה, פיתוח מקצועי והתמודדות עם עומסים ואתגרים מקצועיים
הובלת פרויקטים בתחומי חדשנות, אוטומציה, ניתוח נתונים ופיתוח שירותי המעבדה
עמידה ביעדי תקציב, ביצוע רכש, עבודה מול ספקים, ניהול מלאי ואחריות לתהליכים תפעוליים נוספים
השתלבות בפעילות מחקרית, קידום שיתופי פעולה אקדמיים ומקצועיים בארץ ובחו״ל
ייצוג המעבדה מול ממשקים פנימיים וחיצוניים, גורמים קליניים, רגולטוריים ומקצועיים
קידום פרויקטים ותהליכים נוספים במסגרת בית החולים, בתיאום עם הממונה
דרישות חובה:
תואר שלישי PhD במדעי החיים / ביולוגיה / אימונולוגיה או תחום רלוונטי
תעודת הכרה במעמד מטעם משרד הבריאות
ניסיון מקצועי בעבודה במעבדה קלינית
ניסיון בניהול, הדרכה וחניכת עובדים / סטודנטים / צוות מקצועי
יכולת עבודה מול ממשקים מרובים, לרבות צוותים רפואיים, מחלקות קליניות וגורמים ניהוליים
יכולת הובלת תהליכים מקצועיים תוך שמירה על איכות, דיוק ועמידה בדרישות רגולטוריות
דרישות המהוות יתרון:
ניסיון בתחום האימונולוגיה, סרולוגיה או נוירואימונולוגיה - יתרון משמעותי
ניסיון בפיתוח, הטמעה וולידציה של בדיקות חדשות
תעודת בכיר.ה באימונולוגיה
היתר לניהול מעבדה רפואית
ניסיון בעבודה עם מערכות איכות, בקרות, נהלים ותהליכי ולידציה
ניסיון בניהול תקציב, רכש, ספקים או תהליכי מכרזים
היכרות עם תחומי AI, אוטומציה, ,BI אלגוריתמיקה רפואית או ניתוח נתונים
ניסיון מחקרי, פרסומים מדעיים ושיתופי פעולה אקדמיים
ניסיון בפיתוח שירותים חדשים או מניבי הכנסה
כישורים נדרשים:
ראייה מערכתית, אחריות אישית גבוהה, יכולת הובלת צוות וממשקים בסביבה מורכבת, לצד דיוק מקצועי, יוזמה ויכולת קבלת החלטות בתנאי עומס.
היקף משרה:
משרה מלאה, ימים א'-ה', נדרשת מוכנות לשעות נוספות במידת הצורך"
טכנאי.ת אחזקה ומסיק.ת דוודים,המרכז הרפואי תל-אביב (איכילוב),תל אביב,2026-05-02,https://jobs.tasmc.org.il/Positions/redmatch-apply/redmatch.apply.html?compPositionID=197821,"אחזקה ,נקיון, תחזוקה ותיקונים",onsite,"תיאור התפקיד
טיפול במערכות קיטור וקונדנס
הפעלה וטיפול בחדר דוודים
טיפול במערכות אלקטרו מכניות במתחם בית החולים
דרישות התפקיד :
מכונאי/בוגר בי""ס מקצועי/ בוגר תיכון עם חוש טכני/ אדם שאוהב עבודת ידיים -חובה
הנדסאי / טכנאי מכונות מדופלם - יתרון.
רישיון מסיק דוודים - יתרון משמעותי .
ניסיון בטיפול במערכות קיטור / דוודים - יתרון
היקף משרה
משרה מלאה , כולל סופ""ש - בצוע תורנויות לילה, מועדים ושבתות לאחר הכשרה ורכישת ניסיון."
"רכז.ת אדמניסטרציה ותפעול למח' לנוירוכירוגית ילדים ולמרכז הישראלי לנוירופיברומטזיס (החלפת חל""ד)",המרכז הרפואי תל-אביב (איכילוב),תל אביב,2026-05-01,https://jobs.tasmc.org.il/Positions/redmatch-apply/redmatch.apply.html?compPositionID=197817,אדמינסטרציה,onsite,"רכז/ת אדמיניסטרציה ותפעול למחלקה לנוירוכירורגית ילדים ולמרכז הישראלי לנוירופיברומטוזיס:
במסגרת התפקיד:
אחריות על תפעול שוטף של פעילות המחלקה
תיאום בין צוותים רפואיים ומנהליים
ליווי והובלת פרויקטים ומחקרים מול ועדות וגופים שונים
טיפול במשאבי אנוש ובמשתלמים ומתמחים מחו״ל
תיאום נסיעות לחו""ל
ניהול רכש, תקציבים וחשבונות
ארגון ישיבות וכנסים
תמיכה בפעילות אקדמית ובינלאומית בסביבה מקצועית, דינמית ומאתגרת
*התפקיד הנו להחלפת חל""ד ממושכת (כ-9 חודשים- עם אופציה)
דרישות המשרה:
ניסיון של 3-5 שנים באדמניסטרציה שוטפת ותפעול- חובה
ניסיון בעבודת ממשקים מורכבת
ניסיון בניהול יומן ותיאום ישיבות
ניסיון בארגון כנסים, תיאום נסיעות חו""ל
רצוי- ניסיון בסביבה אקדמית / רפואית
תואר אקדמי- יתרון משמעותי
שליטה מלאה באנגלית (דיבור קריאה וכתיבה) לצורך עבודה מול ממשקי חו""ל
היקף המשרה:
משרה מלאה 8.5 שעות (גמיש)
לתקופה של 8-9 חודשים (עם אופציה)"
כלכלן.ית לתאגיד הבריאות,המרכז הרפואי תל-אביב (איכילוב),תל אביב,2026-04-30,https://jobs.tasmc.org.il/Positions/redmatch-apply/redmatch.apply.html?compPositionID=197809,"כלכלה, כספים, השקעות ושוק ההון",onsite,"כלכלן.ית בעל.ת יכולות אנליטיות גבוהות ורצון להשפיע על פיתוח שירותי הבריאות של העתיד. התפקיד כולל הובלת תהליכים כלכליים, בניית מודלים עסקיים ותמיכה בעיצוב ויישום פרויקטים אסטרטגיים.
תיאור תפקיד:
ביצוע ניתוחים כלכליים ועסקיים לפרויקטים חדשים וקיימים, לרבות בחינת כדאיות, תמחור שירותים, גיבוש חלופות והמלצות.
בניית מודלים עסקיים וכלכליים, תכנון הכנסות, אומדני עלויות, תמחור פרויקטים ושירותים ובחינת פוטנציאל כלכלי.
ליווי תהליכי פיתוח שירותים רפואיים מהשלב הרעיוני ועד ליישום
ריכוז נתונים, הפקת תובנות והצגת ממצאים להנהלה
שיתוף פעולה עם מנהלי פרויקטים, גורמים קליניים ותפעוליים
תמיכה בקבלת החלטות מבוססות נתונים ובתכנון תקציבי
דרישות:
תואר ראשון בכלכלה/מנע""ס/חשבונאות - חובה; תואר שני - יתרון
כלכלן בריאות - יתרון משמעותי
ניסיון בעבודה במערכת הבריאות / שירותי בריאות פרטיים / קופות חולים / גופים ציבוריים או עסקיים בעלי ממשק לעולמות שירות ותמחור - יתרון משמעותי
מינימום 3 שנות ניסיון
ניסיון בניתוחים כלכליים, הכנת תחזיות, מודלים עסקיים או עבודת מטה דומה
שליטה גבוהה באקסל ויכולת ניתוח נתונים מורכבים
יכולת כתיבת מסמכים עסקיים והצגת ממצאים באופן ברור ומקצועי
יכולת עבודה עצמאית, חשיבה אנליטית, חתירה למצוינות ושרותיות
היקף משרה:
משרה מלאה, ימים א'-ה'"
מנהל.ת פרויקטים ופיתוח עסקי בתאגיד הבריאות,המרכז הרפואי תל-אביב (איכילוב),תל אביב,2026-04-30,https://jobs.tasmc.org.il/Positions/redmatch-apply/redmatch.apply.html?compPositionID=197808,כללי,onsite,"תיאור התפקיד:
ייזום וקידום פרויקטים מול גורמים פנימיים וחיצוניים.
ניהול תהליך מקצה לקצה — משלב הרעיון ועד הגעה למטופל ראשון.
גיבוש תהליכים והסרת חסמים ארגוניים, רגולטוריים ותפעוליים.
רתימת גורמים קליניים, תפעוליים וניהוליים בתוך הארגון.
בניית מודלים עסקיים, בחינת אלטרנטיבות וגיבוש המלצות.
ביצוע בחינות היתכנות וניתוח נתונים לתמיכה בקבלת החלטות.
עבודה שוטפת עם יחידות הארגון לקידום פרויקטים עד ליישום מלא.
דרישות:
כ- 5 שנות ניסיון בניהול פרויקטים מורכבים — יתרון לניסיון במערכת הבריאות, מגזר ציבורי או ייעוץ ולפרוייקטים בהיקף מיליון ש""ח
תואר ראשון — חובה; תואר שני בתחומים רלוונטיים — יתרון
ניסיון בבניית והטמעת שירותי בריאות, עבודה בארגוני בריאות / משרד הבריאות וניסיון בהובלת תהליכים עם גורמים קליניים ותפעוליים עד ליישום בפועל - יתרון
ניסיון בייזום פרוייקטים ובפיתוח עסקי - יתרון משמעותי
יכולת ניתוח עסקי, חשיבה מערכתית וכתיבת מסמכים מקצועיים
תקשורת בין‑אישית מצוינת ויכולת להניע תהליכים
יכולת חשיבה יצירתית ושרותיות
היקף משרה:
משרה מלאה, ימים א'-ה'"
מזכיר.ה במערך הרדמה,המרכז הרפואי תל-אביב (איכילוב),גוש דן,2026-04-30,https://jobs.tasmc.org.il/Positions/redmatch-apply/redmatch.apply.html?compPositionID=197223,אדמינסטרציה,onsite,"תיאור תפקיד:
ניהול אדמיניסטרטיבי של העבודה בחדר ניתוח - השתתפות בתפעול, שיבוץ ותכנון העבודה של מערך ההרדמה בחדר ניתוח.
עזרה בניהול לוח תורנויות וכוננויות, מציאת פערים ופתרונות להם.
מתן סיוע אדמיניסטרטיבי לצוות הרפואי ולצוות הסיעודי במשך שעות הפעילות תפעול הממשק בין מערך חדרי הניתוח וההרדמה למחלקות השונות ויחידות המטה של ביה""ח, עפ""י המשימות הנדרשות.
טלפונים למטופלים לביקורת אחרי אשפוז.
דרישות:
ידע וניסיון בעבודה עם אקסל, וורד, גוגל דרייב
ניסיון אדמיניסטרטיבי במתן שירות
אנגלית - לרמת קריאה
ניסיון בתפקיד דומה במחלקות אשפוז בביה""ח - יתרון
ניסיון עם מערכות ביה""ח כגון מיליון, נמ""ר - יתרון
תודעת שירות גבוהה, סדר וארגון, יכולת עבודה עצמאית בסביבה מרובת משימות
היקף משרה:
80% משרה, ימים א'-ה', שעת התחלה: 7:30 (7 שעות עבודה ביום)"
טכנאי.ת שטח - משרה זמנית,המרכז הרפואי תל-אביב (איכילוב),גוש דן,2026-04-29,https://jobs.tasmc.org.il/Positions/redmatch-apply/redmatch.apply.html?compPositionID=197779,"תשתית, מערכות מידע ואבטחת מידע- IT",onsite,"תיאור תפקיד:
טכנאי.ת שטח כחלק מצוות תגבור, האחראי.ת על סיוע לצוות הקיים בפעילויות פריסה, פירוק והקמה של עמדות מחשוב במסגרת מעברי מחלקות ושינויים ארגוניים.
התפקיד כולל עבודה בסביבה דינמית עם ריבוי משימות ולוחות זמנים צפופים.
תחומי אחריות:
פירוק, ניוד והתקנה של ציוד קצה: מחשבים, מסכים, מדפסות, סורקים וציוד היקפי
הקמת עמדות עבודה בהתאם לתכנון (חיבור ציוד, בדיקות תקינות בסיסיות)
חיבור תחנות לרשת הארגונית וביצוע בדיקות תקשורת
סיוע לוגיסטי בהעברת ציוד בין מחלקות
עבודה בצמוד לטכנאי שטח ותיקים וביצוע משימות לפי הנחיה
טיפול בתקלות בסיסיות במהלך המעבר והצפה לגורמים הרלוונטיים
סימון, תיוג ושמירה על סדר הציוד במהלך המעברים
עדכון סטטוס משימות לפי הנחיות הצוות / מנהל הפרויקט
דרישות:
רקע טכני בסיסי במחשבים וציוד היקפי - חובה
הבנה בסיסית בחיבורי מחשב (רשת, מסכים, ציוד היקפי) - חובה
יכולת עבודה בצוות ובסביבה מרובת משימות - חובה
אחריות, סדר ויכולת עבודה לפי הנחיות - חובה
ניסיון קודם כטכנאי שטח / Help Desk - יתרון
היכרות עם סביבת Windows - יתרון
ניסיון בפריסות ציוד / פרויקטים לוגיסטיים - יתרון
היכרות עם סביבת עבודה ארגונית גדולה - יתרון
היקף משרה:
משרה שעתית, (200 שעות בחודש) *יש התאמה לסטודנטים.ות
ימים א'-ה' (יש גמישות) משרה זמנית ל-3 חודשים"
מבקר.ת פנים,המרכז הרפואי תל-אביב (איכילוב),תל אביב,2026-04-26,https://jobs.tasmc.org.il/Positions/redmatch-apply/redmatch.apply.html?compPositionID=197726,"רו""ח",onsite,"תכולת התפקיד:
ביצוע בדיקת תקינותן של פעולות המרכז הרפואי בהיבטי השמירה על החוקים והנהלים, סדרי הניהול התקין, טוהר המידות, חיסכון מועילות ויעילות, תוך ייצוג האינטרס הציבורי בהגנה על שלטון החוק ובמניעת שחיתות.
ביצוע ביקורת, בין היתר על פעילות ההנהלה, פעילות עסקית ומסחרית, מערכות המידע ואבטחת המידע, ניהול חשבונות והשקעת כספים, מהימנות הדיווחים הכספיים, ניהול הנכסים והתחייבויות, עסקאות וטכנולוגיות חדשות.
ביצוע ביקורת על מכלול הנושאים הנוגעים לקשרי המרכז הרפואי עם גופים הפועלים בזיקה אליו או בשליטתו, לרבות תאגיד הבריאות.
מעקב אחר טיפול בממצאים העולים מדוחותיו, מדוחות מבקר המדינה ומדוחות בקרה, לרבות תיקון ליקויים שהועלו בדוחות והפקת דוח שנתי/תקופתי בהתאם.
בניית תכנית עבודה שנתית ורב שנתית לביקורת המרכז הרפואי, בתיאום ובאישור מנהל המרכז הרפואי ותוך קיום קשר עם מבקר/ת הפנים של משרד הבריאות.
ייזום נושאים נוספים לביקורת על פי ממצאים ותלונות שהתקבלו ומידע שהועבר אליו/ה, בהתאם לחוק הביקורת הפנימית ולתקנים מקצועיים מקובלים.
הגשת דוח ביקורת לממונים עליו.
ניהול מאגר נתונים לגבי כל הביקורות שבוצעו.
ביצוע תפקידים נוספים בתחום ביקורת הפנים ובהתאם לחוק, בתיאום עם מנהלת המרכז הרפואי.
דרישות התפקיד:
השכלה:
השכלה אקדמית (תואר ראשון) או עו""ד או רואה חשבון (מוכר על-ידי מועצת רואי החשבון בישראל. בנוסף, בוגר/ת קורס ביקורת פנימית שהוכר על-ידי הוועדה לענייני השתלמות על- פי סעיף 3 (א)( 5) לחוק הביקורת הפנימית. לחילופין, בעל/ת תואר שני עם התמחות בביקורת פנימית ו/או ציבורית.
ניסיון:
לבעלי תואר ראשון וקורס בביקורת פנימית - 6 שנות ניסיון בביקורת פנימית (בנוסף לניסיון שנרכש במסגרת הקורס) , לחילופין 2 שנות ניסיון בתחום הביקורת הפנימית (בנוסף לניסיון שנרכש במסגרת הקורס) ו-4 שנות ניסיון בתחומי הליבה של המרכז הרפואי.
לבעלי תואר שני וקורס בביקורת פנימית או לבעלי תואר שני בביקורת פנימית ו/או בביקורת ציבורית - 5 שנות ניסיון בביקורת פנימי (בנוסף לניסיון שנרכש במסגרת הקורס) , לחילופין, 2 שנות ניסיון בתחום הביקורת הפנימית (בנוסף לניסיון שנרכש במסגרת הקורס) ו 3- שנות ניסיון בתחומי הליבה של המרכז הרפואי.
דרישות רצויות נוספות:
ידע: ידיעה רחבה של תחומי המינהל הציבורי. היכרות עומק עם מערכת הבריאות בישראל. ניסיון בניהול פרויקטים מורכבים.
שפות: ידיעת השפה העברית על בוריה כדי ביטוי בכתב ובעל פה ברמה גבוהה. ידיעת השפה האנגלית כדי קריאת ספרות מקצועית.
כישורים אישיים:
יכולת להניע תהליכים בארגון גדול, יכולת לפעול תוך אי תלות וניטרליות.
יכולת למידה עצמאית של נושאים חדשים, הפקת לקחים ושיתוף תובנות.
הערות:
רשאים להגיש מועמדותם גם מי שאינם עומדים בדרישות ההשכלה או הניסיון כאמור לעיל אם הם עומדים בדרישות שלהלן:
מועמד שאינו עומד בדרישות ההשכלה או אינו עומד בדרישות הניסיון - יציג לפחות 7 שנות ניסיון בביקורת פנימית או בתחומים מקצועיים בליבת העבודה של המרכז הרפואי, לרבות ייזום, הובלה וביצוע שינויים ו/או פרויקטים משמעותיים.
מועמד שאינו עומד הן בדרישות ההשכלה והן בדרישות הניסיון - יציג לפחות 8 שנות ניסיון בביקורת פנימית או בתחומים מקצועיים בליבת העבודה של המרכז הרפואי.
אם ייבחר למשרה מועמד שמועמדותו אושרה בהתאם לאחת מהחלופות הנ""ל, זכייתו בתפקיד מותנית באישור ועדת החריגים הקבועה בסעיף 3 בחוק הביקורת הפנימית.
המינוי למשרה הוא לתקופה מירבית של שמונה שנים."
מתאם.ת / אח.ות מחקר ביחידה להפרעת תנועה,המרכז הרפואי תל-אביב (איכילוב),תל אביב,2026-04-25,https://jobs.tasmc.org.il/Positions/redmatch-apply/redmatch.apply.html?compPositionID=197718,"מדעים ומו""פ כללי",onsite,"תאור התפקיד:
היחידה להפרעות תנועה מחפשת מתאמ.ת/ אח.ות מחקר לטיפול מחקרים מהשלב הראשון.
היחידה מוכרת כמרכז מצויינות למחלת הפרקינסון מטעם ה Parkinson foundation ולאור זאת מגיעים אלינו מחקרים חדשים, מגוונים ופורצי דרך.
עבודת תיאום מחקר הכוללת:
גיוס מטופלים למחקר, מילוי CRF, מילוי טפסים, הגשות לועדת הלסינקי וכו'.
עבודה מול חוקרים (רופאים במחלקה), עבודה מול חברות תרופות חיצוניות ועוד.
עבודה בצוות מגוון. בסביבה נעימה, מקצועית ומלמדת המשלבת קליניקה ומחקר הכוללת צוות רב תחומי מנוסה ומקצועי.
ליחידה ראש צוות מחקר האחראית על ליווי צמוד של המתאמות והדרכות למתאמות החדשות, אשר מקל על הכניסה לתפקיד ושילוב בצוות.
דרישות:
תואר ראשון -חובה
תעודת GCP- יתרון.
רישיון ללקיחת דמים - יתרון.
רצינות ואחריות, עמידה בתנאי לחץ, שימת לב לפרטים, יכולת עבודה בצוות
יכולת להוביל מחקר
היקף משרה:
משרה מלאה, א'-ה'
08:00-16:00
גמישות בשעות העבודה בהתאם לפרוטוקול המחקר"
רופא.ה מסייע.ת באשפוז יום וביצוע מוחות עצם,המרכז הרפואי תל-אביב (איכילוב),תל אביב,2026-04-25,https://jobs.tasmc.org.il/Positions/redmatch-apply/redmatch.apply.html?compPositionID=197716,רפואה ובריאות,onsite,"התפקיד הנו במחלקת אשפוז יום המטולוגי ומאפשר חשיפה למחקרים פורצי דרך והכרות והתנסות במחקרים קלינים
התפקיד כולל-
* ביצוע פרוצדורות רפואיות כגון ביצוע מוחות עצם עם אפשרות להכשרה לביצוע נוזל חוט שדרה והכנסת צנתרים מרכזיים
* השתלבות במערך המחקר כחלק מהטיפול בחולים המגיעים לא.יום לטיפולים חדשנים.
דרישות:
* רשיון לעסוק ברפואה
* עבודה במחלקה פנימית לתקופה בגדר יתרון
היקף המשרה
100% (גמיש)"
מתאם.ת ניתוחים לחטיבה הכירורגית,המרכז הרפואי תל-אביב (איכילוב),תל אביב,2026-04-23,https://jobs.tasmc.org.il/Positions/redmatch-apply/redmatch.apply.html?compPositionID=197708,אדמינסטרציה,onsite,"תיאור תפקיד:
תפקיד מרכזי ומשמעותי בלב העשייה של החטיבה הכירורגית. ממשק ישיר עם הצוות הרפואי ומטופלים.
התפקיד משלב עבודה אדמיניסטרטיבית בחמ""ל תיאום הניתוחים ופעם-פעמיים בשבוע ניהול מרפאת טרום ניתוח הכוללת קבלת מטופלים.ות פרונטלית, טיפול בהפניות חולים אחרי ביקור במרפאה, הכנת תיקים רפואיים, תיאום והזנת מועדי ניתוח במספר מערכות ממוחשבות.
תכנון ובניית לוח הניתוחים קדימה תוך הבנת אילוצים מורכבים.
עבודה בסביבה דינמית ואינטנסטיבית המשלבת ידע מקצועי רב ושירותיות.
דרישות:
תעודת מזכירות רפואית- יתרון
ניסיון אדמיניסטרטיבי קודם הכולל קבלת קהל
יתרון משמעותי לניסיון קודם בתיאום ניתוחים
יכולת עבודה ותעדוף משימות תחת לחץ
שליטה באקסל, ידע טוב במערכות מחשב ויכולת למידה מהירה של מערכות חדשות
אנגלית לרמת קריאת מונחים רפואיים
סדר וארגון, תודעת שירות גבוהה לצד אסרטיביות
היקף משרה:
משרה מלאה, 8.5 שעות ביום.
ימי ב' + ד' תחילת עבודה ב-7:00 - לא גמיש."
מתאמ.ת מחקר למחלקת כירורגית כלי דם - 50% משרה,המרכז הרפואי תל-אביב (איכילוב),תל אביב,2026-04-18,https://jobs.tasmc.org.il/Positions/redmatch-apply/redmatch.apply.html?compPositionID=197673,"מדעים ומו""פ כללי",onsite,"למחלקה לכירורגית כלי דם דרוש.ה מתאמ.ת מחקר בהיקף של 50% משרה
במסגרת התפקיד:
טיפול במחקרים השונים מול וועדת הלסינקי
גיוס מטופלים, זימונים לפגישות וניהול המעקב אחריהם
טיפול בלוגיסטיקה של המחקרים
הזנת נתוני מחקר למאגרי מחקר
עבודה מול חברות התרופות/יוד מסחרי שעורכות מחקרים במחלקה
דרישות התפקיד:
תואר ראשון במדעי החיים
תעודת GCP יתרון
ניסיון בתיאום מחקרים קליניים- יתרון משמעותי
שליטה באנגלית ברמה טובה
שליטה טובה ביישומי אופיס, בדגש על אקסל
שליטה בסביבה ממוחשבת
יכולת עבודה בצוות, יכולת למידה מהירה, תקתקנות, יכולת התמודדות עם לחצים ועומס משימות.
היקף המשרה- 50%
בימים א-ה"
עובד.ת מעבדה לבנק הדם,המרכז הרפואי תל-אביב (איכילוב),גוש דן,2026-04-16,https://jobs.tasmc.org.il/Positions/redmatch-apply/redmatch.apply.html?compPositionID=197652,"מדעים ומו""פ כללי",onsite,"למעבדת בנק הדם דרוש.ה עובד.ת מעבדה לעבודה בצוות ובסביבה דינאמית.
הזדמנות מצוינת לקחת חלק במעבדה משתנה ומתפתחת.
תיאור תפקיד:
ביצוע בדיקות של קביעת סוג דם, סקר נוגדנים, אפיון נוגדנים, התאמת מנות דם למטופלים
ניפוק מוצרי דם על פי דרישה
מתן שירות וסיוע למחלקות השונות.
דרישות:
תואר ראשון במדעי החיים או במדעי מעבדה או בתחומי הביו - חובה
תעודת הכרה אקדמית מטעם משרד הבריאות כעובד/ת מעבדה רפואית- חובה
יכולת עמידה במצבי לחץ ועומס משימות, זריזות, שירותיות, יכולת עבודה בצוות.
אחריות ואמינות
נדרשת נכונות לזמינות גבוהה והגעה לבית החולים תוך 30 דקות במקרי חירום.
היקף משרה:
עבודה במשמרות המעבדה פעילה 24/7 ימים א'-ש', לכן נדרשת נכונות לעבוד בכל סוגי המשמרות:
משמרת בוקר- 08:00-16:00
משמרת ערב- 15:00-22:00
משמרת לילה - 22:00-08:00
**פוטנציאל השתכרות גבוה ותנאים מצוינים למתאימים, אפשרויות קידום למתאימים**"
עובד.ת מעבדה למעבדה מיקרוביולוגית,המרכז הרפואי תל-אביב (איכילוב),גוש דן,2026-04-15,https://jobs.tasmc.org.il/Positions/redmatch-apply/redmatch.apply.html?compPositionID=197650,רפואה ובריאות,onsite,"תיאור תפקיד:
למרכז הרפואי ת""א (איכילוב) דרוש.ה עובד.ת מעבדה רפואית למעבדה מיקרוביולוגית לתפקיד הכולל עבודת מעבדה עם מגוון רחב של שיטות מיקרוביולוגיות ומולקולאריות; טיפול בדגימות קליניות וכו'.
דרישות:
תואר ראשון במדעי החיים
תואר שני במדי החיים- יתרון
תעודת הכרה כעובד מעבדה רפואית-יתרון
ניסיון במיקרוביולוגיה-יתרון
אחריות, אמינות, מקצועיות, דיוק
היקף משרה:
משרה מלאה, ימים א'-ה' 8:00-16:00"
טכנאי.ת ראשי.ת במכון לרפואה גרעינית,המרכז הרפואי תל-אביב (איכילוב),גוש דן,2026-03-31,https://jobs.tasmc.org.il/Positions/redmatch-apply/redmatch.apply.html?compPositionID=197522,רפואה ובריאות,onsite,":תיאור תפקיד
ניהול צוות והכשרות
ניהול מקצועי של צוות הטכנאים, כולל חלוקת עבודה, הדרכה, קליטה והכשרה שוטפת, לצד פיתוח מקצועי והובלת הדרכות.
תפעול, הדמיה ובקרת איכות
ביצוע והובלת בדיקות הדמיה, הכנת מטופלים והסבר על התהליך, תוך הבטחת עבודה בהתאם לנהלים, פרוטוקולים ותקני איכות.
בטיחות קרינה וסביבת עבודה
יישום ופיקוח על נהלי בטיחות קרינה, הבטחת סביבת עבודה בטוחה והדרכת צוות בתחום.
ניהול משמרת וזרימת מטופלים
ניהול פעילות שוטפת במשמרת, תיאום בין צוותים והבטחת זרימה יעילה ורצף טיפולי.
תיעוד, דיווח וקשר עם הנהלה
ניהול תיעוד מקצועי, דיווח על אירועים ופעילות שוטפת, עבודה מול הנהלת המכון והכנת דוחות תקופתיים.
דרישות:
תואר דמותן רפואי.
ניסיון קודם בעבודה עם ציוד הדמיה מתקדם.
הכשרה בתחום בטיחות קרינה.
יכולות ניהול והדרכה.
דיוק, סדר ויכולת עבודה תחת לחץ.
יחסי אנוש מצוינים ושירותיות גבוהה.
היקף משרה:
משרה מלאה, א'-ה'."
מתאמ.ת מחקר,המרכז הרפואי תל-אביב (איכילוב),גוש דן,2026-03-31,https://jobs.tasmc.org.il/Positions/redmatch-apply/redmatch.apply.html?compPositionID=197521,"מדעים ומו""פ כללי",onsite,"המיזם הלאומי פסיפס הפועל לקידום מחקרים רפואיים פורצי דרך בתחום הרפואה המותאמת אישית מחפש
מתאמ.ת מחקר לצוות המחקר במרכז הרפואי ת""א (איכילוב).
התפקיד משלב עבודה קלינית וחמחקרים ומחקרית, ממשק יומיומי עם רופאים וחוקרים, ותרומה ישירה לקידום הרפואה בישראל באמצעות איסוף נתונים ודגימות מהשטח.
תיאור תפקיד:
אחריות כוללת על תהליך גיוס המשתתפים למחקרים רפואיים - הסבר על המחקר, החתמה על טפסי הסכמה מדעת וליווי הנבדקים לאורך התהליך
ביצוע לקיחות דם כחלק בלתי נפרד מתהליך ההשתתפות במחקר
ניהול ותיאום דגימות - משלב לקיחת הדם, תיעוד ושמירה על תקינות הדגימה ועד העברה למעבדה להפקה וריצוף גנומי
עבודה שוטפת עם רופאים חוקרים וצוותי מחקר
עבודה בהתאם לנהלי פסיפס ו-GCP ולסטנדרטים מקצועיים ורגולטוריים
תיעוד, הזנה וניהול נתונים במערכות ממוחשבות
מעקב אחר קצב גיוס ועמידה ביעדי המחקר
תיאום לוגיסטי ותפעולי בין יחידות בית החולים, המעבדה ומטה פסיפס
השתתפות בהדרכות וישיבות מחק
דרישות התפקיד:
תעודת הסמכה ללקיחת דמים - חובה
ניסיון קודם כמתאמ/ת מחקר בבית חולים או מוסד רפואי - חובה
תעודת GCP בתוקף - חובה
ניסיון בגיוס מטופלים/מתנדבים למחקרים רפואיים - יתרון משמעותי
יחסי אנוש מעולים, תקשורת בין-אישית גבוהה ויכולת עבודה בצוות רב-תחומי
סדר, ארגון, דיוק ואחריות אישית
שליטה ביישומי מחשב
מיומנויות נדרשות:
יכולת הסברה גבוהה ואוריינטציה שירותית
עמידה בזמנים וניהול תהליכים במקביל
עבודה מדויקת תחת נהלים ותקנות ותשומת לב לפרטים
גמישות, יוזמה ויכולת למידה מהירה
היקף משרה:
משרה חלקית, 75% משרה."
מנהל.ת מידע הנדסי,המרכז הרפואי תל-אביב (איכילוב),תל אביב,2026-03-31,https://jobs.tasmc.org.il/Positions/redmatch-apply/redmatch.apply.html?compPositionID=197512,אבטחת איכות / בקרת איכות,onsite,"תיאור תפקיד:
ניהול מערכת ניהול המידע ההנדסי של הארגון (ארכיון דיגיטלי רחב ענפי)
תמיכה שוטפת בנושאים הקשורים לחומר הנדסי לגורמי חוץ ופנים
קבלת תוכניות עדות מגורמי חוץ (תנון הנדסה וקבלנים) וגורמי פנים בסיום הפרויקט (מעקב, בדיקות תוכן כולל מדיה מגנטית)
שיתוף פעולה עם גורמי חוץ ופנים במהלך הפרויקט ובסיומו
אישור ועיבוד תוכניות עדות שהתקבלו לפי סטנדרט בה""ח
יצירת תוכניות סופר פוזיציה מבוססות תוכניות עדות של כלל מערכות תשתית הקיימות בקמפוס
ניהול, תחזוקה והכנסת חומר חדש לארכיון הנדסי ממוחשב
תמיכה שוטפת בתכנון עצמי של מחלקת הנדסה
דרישות התפקיד:
תואר ראשון בהנדסה (אזרחית / אדריכלות / מכונות / רלוונטי אחר) או הנדסאי.ת במקצועות הנ""ל
5 שנות ניסיון לפחות בתחומי האחריות המקצועיות - במשרדים ממשלתיים/ חברות ציבוריות / חברות העוסקות בתחומי הבניה ומערכות בניין השונות - חובה
ניסיון מוכח בסביבת העבודה AUTOCAD, REVIT לרבות שרטוט מתקדם - חובה
שליטה טובה במערכות OFFICE - חובה
יכולת עבודה גבוהה בצוות, אחריות אישית, מקצועיות, עצמאות
היקף משרה:
משרה מלאה / חצי משרה- גמיש , ימים א'-ה'"
רכז.ת גיוס באגף משאבי אנוש,המרכז הרפואי תל-אביב (איכילוב),גוש דן,2026-03-26,https://jobs.tasmc.org.il/Positions/redmatch-apply/redmatch.apply.html?compPositionID=197486,משאבי אנוש,onsite,"תמיד אמרו עליך שיש לך יכולת לקלוט אנשים מצוין?
שהמשפט ""אלוהים נמצא בפרטים הקטנים"" נכתב עליך?
שאת.ה טוב.ה עם אנשים וגם תקתקן.ית על? אז מקומך איתנו, בצוות הגיוס.
איך יראה היום שלך:
קודם קפה
ואז:
ליווי תהליך גיוס מא' ועד ת'.
בניית הגדרות תפקיד בהתאם לדרישות המנהל.ת המגייס.ת
פרסום המשרות בפלטפורמות שונות
מיון וסינון קורות חיים
ביצוע ראיונות טלפוניים ופרונטליים וכתיבת חוות דעת אבחוניות
יעוץ וליווי מנהלים.ות בתהליך הגיוס
תפעול ואדמיניסטרציה במערכת גיוס
לקיחת חלק בפרויקטים שונים ומגוונים
למי המשרה מתאימה:
אקדמאי.ת עם שנתיים ניסיון לפחות בתחום הגיוס (ניסיון מארגון- יתרון).
ניסיון בראיונות פרונטליים וכתיבת חוות דעת אבחוניות - חובה
מלא מוטיבציה, יכולת להזיז הרים ולהפוך סלעים כדי למצוא את המועמד.ת האחד.ת
מכוונות למטרה, אופטימיות ואנרגיות טובות
רהיטות, יכולת עבודה בצוות, תקתקנות, סקרנות, יצירתיות ודרייב בלתי נגמר לאיוש משרות."
חשב.ת שכר,המרכז הרפואי תל-אביב (איכילוב),גוש דן,2026-03-15,https://jobs.tasmc.org.il/Positions/redmatch-apply/redmatch.apply.html?compPositionID=197343,חשבונאות,onsite,"תיאור תפקיד:
לצוות השכר דרוש.ה חשב.ת שכר לניהול, תיאום וביצוע פעילויות השכר בארגון.
תוך הבטחת דיוק, עמידה בתקנים רגולטוריים ונתינת שירות מקצועי וממוקד לעובדים ולמנהלים.
כפיפות למנהל.ת השכר באגף משאבי אנוש של המרכז הרפואי ת""א (איכילוב).
תחומי אחריות עיקריים:
הכנת דוחות שכר, הטבות ותשלומים לעובדים בהתאם לחוק, הסכמים ציבוריים ונהלי משרד הבריאות והמרכז הרפואי.
טיפול שוטף במידע על עובדים: תוספות שכר פרמיות מילואים ועוד
ניתוח ועיבוד נתונים פיננסיים ותיאום עם אגף משאבי אנוש וכספים
תיאום מול הרשויות הרלוונטיות ודיווח מסודר ומדויק.
מתן תמיכה והכוונה לעובדים ולמנהלים בנושא שכר ותנאים סוציאליים.
שמירה על סודיות מידע אישי ופיננסי של העובדים.
דרישות התפקיד:
השכלה: חשב/ת שכר בכירה
ניסיון קודם בעבודה עם מערכות שכר (3-4 שנים) כחשב/ת שכר בארגון בינוני/גדול - יתרון
ידע ברגולציה, דיני עבודה, ביטוח לאומי ומס הכנסה - חובה
ידע וניסיון בתשלום שכר בחוזי דרוג דרגה והכרות עם הסכמי שכר מורכבים ותהליכי בקרת שכר בסקטור הבריאות - יתרון
שליטה מלאה בכלים דיגיטליים, גיליונות אלקטרוניים - חובה
היכרות עם מערכת מלם שכר - יתרון משמעותי
כישורים בינאישיים : תקשורת ויחסי אנוש מצוינים, אחריות אישית, יכולת עבודה בצוות ותשומת לב לפרטים.
היקף משרה:
משרה מלאה, א'-ה', שעת התחלה 7:00-8:00"
מתאמ.ת מחקר ביחידה לשעת חירום,המרכז הרפואי תל-אביב (איכילוב),גוש דן,2026-03-12,https://jobs.tasmc.org.il/Positions/redmatch-apply/redmatch.apply.html?compPositionID=197335,"מדעים ומו""פ כללי",onsite,"תיאור תפקיד:
תיאום וליווי הפעילות המחקרית.
הגשת בקשות לוועדת הלסינקי ומעקב אחר אישורים ועדכונים.
תיאום בין כלל הגורמים המעורבים במחקר.
סיוע בשמירה על סדר וארגון תיקי המחקר ומסמכי המחקר.
פיקוח על איסוף הנתונים והבטחת איכות ושלמות הנתונים (במחקרים חיצוניים).
איסוף, רישום וניהול נתוני המחקר במערכות המידע הרלוונטיות ובטפסי המחקר CRF(במחקרים חיצוניים).
פיקוח על צוות עוזרי מחקר.
הכנת נתונים וחומרים למצגות או פרסומים.
הכנת דוחות התקדמות ועדכונים לחוקר הראשי ולגורמים הרגולטוריים.
ביצוע משימות נוספות הקשורות למחקר בהתאם להנחיית מרכזת תחום המחקר או החוקר הראשי.
דרישות:
תואר ראשון במדעי החיים/ ביולוגיה/ דומה.
ניסיון בעבודה במחקר קליני - יתרון.
היכרות עם נהלי GCP ורגולציה מחקרית - יתרון.
שליטה בעברית ובאנגלית, כולל קריאה וכתיבה אקדמית.
שליטה בתוכנות מחשב בסיסיות (Excel, Word).
יכולת עבודה מסודרת ומדויקת עם נתונים ומסמכים.
יכולת ארגון וניהול משימות מרובות במקביל.
יכולת עבודה באופן עצמאי ובצוות.
יחסי אנוש טובים.
היקף משרה:
א'-ה', 80-100% משרה
משרה זמנית - החלפה לחופשת לידה עם אפשרות למשרה קבועה"
מפתח.ת דאטה ו BI,המרכז הרפואי תל-אביב (איכילוב),גוש דן,2026-03-10,https://jobs.tasmc.org.il/Positions/redmatch-apply/redmatch.apply.html?compPositionID=197311,"תשתית, מערכות מידע ואבטחת מידע- IT",onsite,"רקע על פעילות היחידה:
הזדמנות להשתלב בעולם מרתק של דאטה קליני ולקחת חלק בפרויקטים משמעותיים המשפיעים ישירות על תהליכי קבלת ההחלטות והעשייה הרפואית בארגון רפואי מוביל.
היחידה נמצאת בעיצומה של טרנספורמציה טכנולוגית רחבת היקף, הכוללת בחירה, הטמעה והכשרה של כלים מודרניים בסביבת ענן, וזו הזדמנות לקחת חלק מרכזי בתהליך, ולהשפיע על עתיד הדאטה בארגון.
תיאור התפקיד:
הובלת פרויקטי דאטה מקצה לקצה - משלב האפיון והניתוח, דרך הפיתוח והיישום ועד לעלייה לאוויר
ניתוח מערכות ואפיון פתרונות דאטה מורכבים מול לקוחות עסקיים וגורמים קליניים
פיתוח תהליכי ETL ומודלי DWH
פיתוח Backend ו-Frontend בעולמות ה-BI והדאטה
עבודה בסביבות Microsoft ובענן (AWS)
השתלבות בצוות פיתוח של אנשי/נשות BI ו-Data Engineers
התפקיד מתאים לאיש/אשת BI מנוסה, בעל/ת יכולת הובלה ועצמאות מקצועית, המסוגל/ת לקחת אחריות מלאה על משימות ופרויקטים ולהוות גורם מקצועי מוביל בצוות.
דרישות התפקיד:
לפחות 5 שנות ניסיון בפיתוח BI (כולל פיתוח בכלי ETL)
לפחות 3 שנות ניסיון משמעותי בניתוח מערכות ואפיון פתרונות דאטה
ניסיון במידול DWH והובלת פרויקטי דאטה מקצה לקצה (Backend ו-Frontend)
ניסיון בעבודה עם כלי Microsoft : Power BI, SSIS, SSRS - חובה
ניסיון בעבודה בסביבות פיתוח מודרניות ובענן - יתרון משמעותי
יכולת עבודה עצמאית, הובלה מקצועית וראייה מערכתית רחבה
היקף משרה:
משרה מלאה, א'-ה'."
מהנדס.ת DEVOPES ו SYSTEM,המרכז הרפואי תל-אביב (איכילוב),גוש דן,2026-03-08,https://jobs.tasmc.org.il/Positions/redmatch-apply/redmatch.apply.html?compPositionID=197153,תוכנה,onsite,"תיאור תפקיד:
השתלבות בצוות DEVOPS באגף טכנולוגיות מידע ודיגיטל
הקמת מערכות חדשות, התקנת מערכות בענן, התנהלות מול ספקים ועוד.
Infrastructure as Code (Terraform)
ניהול שרתים (Windows Server, Linux Servers)
צינורות CI / CD (ArgoCD, GitHub Actions)
ניהול קונטיינרים (EKS, ECR, Docker)
אוטומציה וסקריפטים (Bash, PowerShell)
דרישות:
1-3 שנים ניסיון בתחום התשתיות, System / DevOps - חובה
ניסיון וידע במערכות הפעלה Windows & Linux & Kubernetes - חובה.
ניסיון וידע ב iaac [Terrafrom]- חובה.
ניסיון וידע בתהליכי GITOPS, CI/CD עבודה עם ARGOCD - יתרון משמעותי.
ניסיון וידע בAWS - יתרון משמעותי.
ניסיון וידע בkubernetes - יתרון משמעותי.
ניסיון וידע בTRINO,DBT, AIRBYTE,KAFKA- יתרון משמעותי.
ניסיון וידע תשתיתי בבסיסי נתונים[mssql, mysql, postgress, oracle]- יתרון.
היקף משרה:
משרה מלאה, א'-ה'."
רפרנט.ית מערכות מידע (דימות) לאגף טכנולוגיות,המרכז הרפואי תל-אביב (איכילוב),תל אביב,2026-02-26,https://jobs.tasmc.org.il/Positions/redmatch-apply/redmatch.apply.html?compPositionID=197240,"תשתית, מערכות מידע ואבטחת מידע- IT",onsite,"תיאור תפקיד:
יישום והטמעת מערכות הדימות ועבודה שוטפת מול ספק התוכנה, תמיכה בתהליכי עבודה באגף הדימות ומתן פתרונות לדרישות משתמשים.
התפקיד כולל:
ניהול ותחזוקת מערכת: אחריות על התפעול השוטף של מערכת ה-PACS הארגונית, ניטור תקינות המערכת, תחזוקת הגדרות (מכשירים, תבניות פענוח) ופתרון תקלות בהתאם לרמת דחיפותן.
תמיכה וליווי משתמשים: מתן מענה טכני ואפליקטיבי לרופאים, רנטגנאים וצוותי מינהלה, כולל הדרכות על תוכנות הצפייה וניהול תהליכי עבודה בסביבת בית חולים.
ניהול ממשקים ואינטגרציה: הבנה עמוקה של ממשקי עבודה בין מערכות (HL7, DICOM), וביצוע אינטגרציה בין מערכות הדימות למערכות קליניות ותפעוליות אחרות בארגון.
אפיון ושיפור תהליכים: הגדרת תהליכי עבודה במערכת, כתיבת מפרטים טכניים, הבניית מדיניות ונהלים חדשים בהתאם לצרכים קליניים ושינויים טכנולוגיים.
עבודה מול ספקים: ניהול הקשר מול ספקי התוכנה והציוד הרפואי, דיווח על תקלות ובקרת פיתוח ואיכות.
דרישות המשרה:
תואר ראשון במערכות מידע / הנדסת תעשייה וניהול (התמחות במערכות מידע) / מדעי המחשב
ניסיון מוכח בעבודה וניהול מערכות רפואיות, בדגש על מערכות PACS ו- RIS
ניסיון עבודה וניהול של מערכת Carestream PACS/RIS - יתרון משמעותי
הכרה מעמיקה של תשתיות מחשוב (שרתים, מערכות הפעלה, תקשורת נתונים) ורשתות לחיבור מכשירי דימות
שליטה בסטנדרטים של HL7 ו- DICOM
יכולת הובלת פרויקטים טכנולוגיים, למידה עצמית גבוהה, יכולת לקיחת אחריות וניהול מצבי לחץ, ותקשורת בין-אישית מצוינת לעבודה מול דרגים רפואיים וטכניים
שליטה מלאה בעברית ובאנגלית (קריאה, כתיבה ודיבור)
היקף משרה:
משרה מלאה, ימים א'-ה', נדרשת נכונות לשעות נוספות / כוננויות במידת הצורך"
מתאמ.ת מחקר קליני להמטולוגיה,המרכז הרפואי תל-אביב (איכילוב),גוש דן,2026-02-24,https://jobs.tasmc.org.il/Positions/redmatch-apply/redmatch.apply.html?compPositionID=197200,"מדעים ומו""פ כללי",onsite,"מתאמ.ת מחקר קליני למערך ההמטולוגיה
תיאור תפקיד:
למערך ההמטולוגיה דרוש.ה מתאמ.ת מחקר.
תפקיד רחב ומאתגר הכולל תאום הליכי המחקר הקליני בין החולים המשתתפים, הצוותים ויחידות בבית החולים.
ליווי החולים בביקורי המחקר במרפאה ההמטולוגית, איסוף ותיעוד נתונים מתוך הגיליון הרפואי.
קשר שוטף עם הרופאים ההמטואונקולוגים המטפלים וכן מול הנהלת המחקר בארץ ובחו""ל.
אפשרויות קידום בתחום המחקרים הקליניים.
דרישות:
תואר ראשון- במדעי החיים/ יתרון לרקע בביולוגיה / תחום פארה-רפואי
תואר שני- יתרון
יכולת לעבודה מאורגנת תוך הקפדה על פרטים, יכולת התמודדות ותיעדוף במצבים של ריבוי משימות
יכולות תקשורת טובות, כולל באנגלית (בכתב), שליטה בסביבה ממוחשבת
יכולת עבודה בצוות, יחסי אנוש מעולים
היקף משרה:
משרה מלאה- 8 שעות ביום 5 ימים בשבוע 8:00-16:00"
נציג.ה למרכז שירות ומידע למטופל.ת (50% משרה),המרכז הרפואי תל-אביב (איכילוב),גוש דן,2026-02-22,https://jobs.tasmc.org.il/Positions/redmatch-apply/redmatch.apply.html?compPositionID=197149,שירות לקוחות,onsite,"תיאור תפקיד:
מרכז המידע והשירות של בית החולים מספק מידע ושירות למטופלים.ות, מבקרים ומלווים בכל נושא מנהלתי ובכל שאלה.
נציגי.ות השירות הם נציגי.ות הנהלת בית החולים בשטח ופועלים.ות על פי ערכי המרכז הרפואי, בראשם ""המטופל.ת במרכז"".
מרכז המידע והשירות ממוקם במרכז בית החולים ומספק מגוון שירותים וביניהם:
מענה לשאלות ומסירת מידע כללי
הכוונה והתמצאות בבית החולים
איתור מטופלים.ות- פרונטלית וטלפונית
השאלת כסאות גלגלים למבקרים
שירותי חניה מוזלת לזכאים
פתרון בעיות באופן עצמאי או על יד הפעלת ממשק/ קו שני
הפעלת מרכז מונגש סיוע לבעלי מוגבלות/ קשישים בהליכה והתמצאות (התאמת פתרון)
סיוע באיתור פתרונות לתרגום
צירוף למועדון BEWELL ומתן סיסמה
דרישות:
ניסיון קודם בתפקיד בתחום השירות
תקשורת בין אישית מעולה
תשוקה למתן שירות
תושייה, יכולת תפעול והפעלת ממשקים
יכולת עמידה בלחץ ועומס רב
יכולת עבודה עצמאית, הפעלת שיקול דעת וקבלת החלטות
חיוביות ומזג טוב, ראש גדול, סבלנות רבה ואורך רוח
מיומנויות הפעלת מחשב אופיס - exchange, word, excel, PP
נדרשת גמישות רבה בשעות העבודה לאורך כל השבוע כולל סוף שבוע
מרכז המידע והשירות פעיל בכל ימות השבוע, בין השעות 07:00 ל- 23:00 כולל סופי שבוע
היקף המשרה:
50% משרה
נדרש לבצע משמרת ערב אחת לפחות בשבוע וכן נכונות לעבודה בסופ""ש (לאחר סיום חפיפה)"
מנהל.ת פרויקטים לבינוי,המרכז הרפואי תל-אביב (איכילוב),גוש דן,2026-02-19,https://jobs.tasmc.org.il/Positions/redmatch-apply/redmatch.apply.html?compPositionID=197072,הנדסה,onsite,"תיאור התפקיד:
ניהול פרויקטי בינוי בהיקפים משתנים משלב הפרוגראמה ועד המסירה
הובלת צוותי תכנון והכנת תוצרים לביצוע
התפקיד כולל ניהול ממשקים פנים וחוץ ארגוניים וללא ניהול עובדים ישיר
ניהול מו""מ טכני וכספי עם קבלנים וספקים
ניהול ותיאום של קבלנים וספקים לרבות בקרת איכות הביצוע ובקרה כספית ולוחות זמנים
בקרה על בטיחות העבודה במהלך הביצוע
תיאום עבודות הבינוי והרכש הנלווה עם גורמים רפואיים ותפעוליים בבית החולים
דרישות המשרה:
מהנדס.ת אזרחי.ת/ אדריכל.ית הרשום.ה בפנקס המהנדסים והאדריכלים או הנדסאי.ת בנין / אדריכלות עם 3-5 שנות ניסיון בניהול פרויקטים תכנון ופיקוח
בעלי.ות ניסיון במוסדות רפואיים, תעשיית התרופות, מעבדות וכד'- יתרון משמעותי
יכולת ניהול מו""מ טכני וכספי- חובה
ניסיון בניהול והובלת תכנון - יתרון
יוזמה מקצועית ויכולת לביצוע עצמאי של מטלות
ידיעת השפה העברית על בוריה
ידיעת השפה האנגלית לכדי יכולת הבנת מסמכים טכניים
יחסי אנוש טובים
היקף משרה:
משרה מלאה, א'-ה'.
8.5 שעות ביום עם נכונות לשעות נוספות בהתאם לצורך (תשלום על שעות נוספות)."
מפקח.ת חשמל לאגף הנדסה,המרכז הרפואי תל-אביב (איכילוב),תל אביב,2026-02-17,https://jobs.tasmc.org.il/Positions/redmatch-apply/redmatch.apply.html?compPositionID=193553,הנדסה,onsite,"תיאור תפקיד:
הובלת קבלנים ופרויקטים בתחום החשמל ברחבי בית החולים
ניהול ממשקים ונציגי קבלנים
הובלת הפרויקט החל משלב התכנון דרך הביצוע ועד לסיום ומסירה
ביצוע פיקוח צמוד בכול שלבי הפרויקט
מתן מענה לבעיות תוך שילוב גורמים נוספים באים נדרש (יועצי בטיחות וכו')
הכרות עם מערך החשמל של בית החולים ומתן מענה ועזרה בבעיות הקיימות המערכות החשמל בבית החולים
דרישות:
תעודת הנדסת חשמל עם 3 שנות ניסיון בניהול פרויקטים ותחזוקת מערכות חשמל מורכבות
או
תעודת הנדסאי.ת עם 5 שנות ניסיון בניהול פרויקטים ותחזוקת מערכות חשמל מורכבות
רישיון משרד העבודה ""חשמלאי.ת מהנדס.ת"" או ""חשמלאי.ת הנדסאי.ת""
רישיון לעבודה במתח גבוה- יתרון
הכרות עם מערכות של ביה""ח (חשמל רמה 2)- יתרון
הבנת שרטוטים ותרגומם לידי ביצוע
ידיעת השפה העברית בצורה טובה (קריאה + כתיבה)
היקף משרה:
100% משרה מלאה, נדרשת זמינות ונכונות לביצוע שעות נוספות
שימו לב- בתיאום מראש חלק מהעבודות נעשות בשעות הלילה ובסופי שבוע- נדרשת נכונות לעבוד בשעות אלה"
"נציג.ת שירות למרפאות בית החולים בשעות אח""צ",המרכז הרפואי תל-אביב (איכילוב),תל אביב,2026-02-15,https://jobs.tasmc.org.il/Positions/redmatch-apply/redmatch.apply.html?compPositionID=197062,אדמינסטרציה,onsite,"תיאור תפקיד:
קבלת קהל, מתן שירות למטופלים.ות, קביעת תורים, הזנת טפסים בתיק הרפואי, קשר עם הצוות הרפואי במרפאה, עבודה מול מערכות שונות.
דרישות:
ניסיון מזכירותי
ניסיון מארגון רפואי- יתרון
נסיון כמזכיר.ה רפואי.ת- יתרון
תעודת מזכירות רפואית- יתרון
שליטה במיומנויות מחשב
ניסיון בעבודה על מערכות נמר, CRM / קמיליון - יתרון
גישה שירותית ברמה גבוהה, יכולת למידה, יכולת עבודה בסביבה דינאמית ולחוצה
היקף משרה:
ימים א'-ה', בין השעות 14:30-19:00, בימי ו' 8:00-12:00
משרה שעתית - 85 ש""ח"
מסגר.ית לאגף לוגיסטיקה ותשתיות,המרכז הרפואי תל-אביב (איכילוב),תל אביב,2026-02-12,https://jobs.tasmc.org.il/Positions/redmatch-apply/redmatch.apply.html?compPositionID=197042,"אחזקה ,נקיון, תחזוקה ותיקונים",onsite,"ביצוע עבודות מסגרות ותיקון מגוון אביזרים במתחם בית החולים
דרישות התפקיד:
תעודה מקצועית רלוונטית
רצוי ניסיון בעבודות מסגרות (דינמיקה עדינה ריתוך אלקטרודה ברזל ואלומיניום, ריתוך חצי אוטו/ עם גז מגן
מתאים גם לבוגרי קורסים / הכשרות רלוונטיות - ללא ניסיון
יתרון לבעלי ניסיון בצביעה , ריסוס , קריאת שרטוטים, חריטה ו/או כרסום קונבציונלי
תקשורת בין אישית טובה ומוסר עבודה גבוה
היקף משרה:
100% משרה מלאה, ימים א'-ה
נכונות לכוננויות / שעות נוספות בהתאם לצורך"
אינסטלטור.ית לאגף לוגיסטיקה ותשתיות,המרכז הרפואי תל-אביב (איכילוב),תל אביב,2026-02-12,https://jobs.tasmc.org.il/Positions/redmatch-apply/redmatch.apply.html?compPositionID=197040,"אחזקה ,נקיון, תחזוקה ותיקונים",onsite,"תחזוקה שוטפת וביצוע עבודת צנרת ואינסטלציה בשטח בית החולים
דרישות התפקיד:
תעודה מקצועית רלוונטית או ניסיון מוכח בתחום אחזקת מערכות אינסטלציה - חובה
ניסיון בעבודה בבתי חולים/ מוסדות דומים - יתרון
יכולת קריאת שרטוטים - יתרון
היקף משרה:
משרה מלאה, ימים א'-ה'
נכונות לכוננויות / שעות נוספות בהתאם לצורך"
"אחראי.ת פיתוח עסקי ושת""פ לתיירות מרפא",המרכז הרפואי תל-אביב (איכילוב),גוש דן,2026-02-04,https://jobs.tasmc.org.il/Positions/redmatch-apply/redmatch.apply.html?compPositionID=195552,שיווק,onsite,"תיאור תפקיד:
פיתוח והובלה של אסטרטגיות שיווק לשווקי B2B וB2C
ניהול ופיתוח של נכסים דיגיטליים (אתר האינטרנט, קידום אורגני וממומן ( (Yandex ,Google, Metaוניהול רשתות חברתיות - Facebook, Instagram
תכנון והפקת קמפיינים שיווקיים בשיתוף ספקים חיצוניים, הגדרת יעדים, בניית תוכניות עבודה ובקרה על עמידה ב-KPI
ארגון כנסים מקצועיים, הרצאות וסיורים
שימוש שוטף בכלים אנליטיים (Google Ads, Yandex Direct, Meta Business Suite)
ניהול אתר מבוסס WordPress
עבודה שוטפת עם מערכת CRM והבנה בתהליכי שיווק ומכירה
בניית חומר שיווקי וNewsletter
דרישות:
שליטה מלאה בשיווק דיגיטלי
שליטה מלאה בעברית אנגלית ורוסית- חובה
ניסיון בעבודה מול שווקים בינלאומיים
יכולת עבודה עצמאית
אסטרטיביות וכושר שכנוע
ניסיון או היכרות עם תחום הרפואה / תיירות מרפא - יתרון משמעותי
תואר ראשון בשיווק / תקשורת
סבלנות ורמת שירות גבוהה מאוד, אחריות, עמידה בזמנים ובתנאי לחץ
חשיבה יצירתית ויכולת פתרון בעיות, יחסי אנוש מעולים
היקף משרה:
100% משרה מלאה, ימים א'-ה', 8:00-16:30"
מזכיר.ה לאגף מרפאות,המרכז הרפואי תל-אביב (איכילוב),גוש דן,2026-02-02,https://jobs.tasmc.org.il/Positions/redmatch-apply/redmatch.apply.html?compPositionID=196407,אדמינסטרציה,onsite,"תיאור תפקיד:
למערך האמבולטורי דרושים.ות מזכירים.ות למגוון מרפאות. התפקיד כולל:
קבלת קהל, מתן שירות למטופלים.ות, קביעת תורים, הזנת טפסים בתיק הרפואי, קשר עם הצוות הרפואי במרפאה, עבודה מול מערכות שונות.
דרישות תפקיד:
ניסיון מזכירותי
ניסיון מארגון רפואי- יתרון
נסיון כמזכיר.ה רפואי.ת- יתרון
תעודת מזכירות רפואית- יתרון
שליטה במיומנויות מחשב
ניסיון בעבודה על מערכות נמר, CRM / קמיליון - יתרון
גישה שירותית ברמה גבוהה, יכולת למידה, יכולת עבודה בסביבה דינאמית ולחוצה
היקף משרה:
100%-85% משרה ימים א'-ה', 7:30-15:00"
מנהל.ת חשבונות למחלקת תיירות מרפא,המרכז הרפואי תל-אביב (איכילוב),תל אביב,2026-02-01,https://jobs.tasmc.org.il/Positions/redmatch-apply/redmatch.apply.html?compPositionID=196817,הנהלת חשבונות,onsite,"תיאור תפקיד:
אחריות על כל פעולות הנהלת חשבונות של מחלקת תיירות מרפא, כולל:
הפקת חשבונות, בדיקת תשלום לספקים ולסוכנים אל מול הסכמים.
גבייה, מעקב אחר חובות, דוחות גיול, החזרים, מתן שירות ללקוחות וספקים (העברת אינפורמציה לגבי חשבונות, יתרות, חובות, ועוד) ועוד.
עבודה מול ממשקים רבים בבית החולים מחוצה לו לרבות מחלקת הכנסות וסוכנים חיצוניים.
דרישות:
תעודת הנה""ח סוג 1 ו-2
ניסיון קודם של שלוש שנים לפחות כמנהל/ת חשבונות
עברית- ברמת שפת אם. אנגלית או רוסית- יתרון
ידע בתוכנות הנה""ח כמו חשבשבת, אביב וכדומה
ידע ביישומי אופיס
יכולת לעבוד כחלק מצוות, זריזות, עמידה במצבי לחץ, שירותיות
היקף משרה:
משרה מלאה, ימים א'-ה', 8:00-16:30"
רופא.ת עיניים למערך לרפואה מונעת,המרכז הרפואי תל-אביב (איכילוב),גוש דן,2026-01-14,https://jobs.tasmc.org.il/Positions/redmatch-apply/redmatch.apply.html?compPositionID=196513,רפואה ובריאות,onsite,"תיאור תפקיד:
לבדיקות הסקר במערך לרפואה מונעת מגיעים נבדקים מבכירי המשק הישראלי לבדיקות תקופתיות. חלק מהבדיקות הן בדיקות עיניים.
הרופא.ה בודקים לאחר בדיקת טכנאי.ת (לאחר הרחבת אישונים / לאחר בדיקת מכשיר אידון) ומתמקדים בבדיקות מקטע קדמי, קרקעית העין- פונדוס.
דרישות:
רישיון רופא.ה בתוקף בישראל.
ניסיון בביצוע בדיקות עיניים.
שליטה בבדיקת מקטע קדמי וקרקעית העין (Fundus).
ניסיון בעבודה לאחר הרחבת אישונים.
יכולת פענוח ממצאים מבדיקות שבוצעו ע""י טכנאי.ת עיניים.
דיוק, אחריות רפואית ושיקול דעת קליני.
תקשורת בין-אישית טובה ויכולת להסביר ממצאים בצורה ברורה ורגועה.
תודעת שירות גבוהה והתנהלות מכבדת ודיסקרטית מול נבדקים.
ניסיון קודם במסגרת רפואה מונעת או רפואת סקר- יתרון
היקף משרה:
היקף משרה גמיש 40-80% משרה
שעות הפעילות הינן 09:00-13:00"
כלכלן.ית באגף כלכלה רפואית,המרכז הרפואי תל-אביב (איכילוב),גוש דן,2026-01-08,https://jobs.tasmc.org.il/Positions/redmatch-apply/redmatch.apply.html?compPositionID=196313,"כלכלה, כספים, השקעות ושוק ההון",onsite,"תיאור התפקיד:
ריכוז משימות תאגיד מתחומי התפעול, הכלכלה והאדמיניסטרציה של כלל בתי החולים הפסיכיאטריים והגריאטריים הממשלתיים (12 בתי""ח).
ריכוז בקרות והכנת דיווחים לגורמים פנים וחוץ ארגוניים (דיווחי נוכחות, תגמולי עובדים, הסכמי שכר ועוד).
הפקת מדיות וחיובים לקופות החולים וגורמים נוספים. בקרה על חשבונות שהופקו, חובות ותשלומים.
בקרה שוטפת על קרנות ופרויקטים בתאגיד לרבות ניתוח הכנסות-הוצאות.
תחזוקת מאגרי נתונים באופן שיטתי וריכוז מידע לרבות הפקת דו""חות וניתוח נתונים.
גיבוש וכתיבת תהליכי ונהלי עבודה לרבות פיתוח שיטות וכלים לניהול העבודה והטמעתם.
ביצוע ניתוחים ובדיקות כדאיות כלכלית להרחבת או הוספת שירותים, שינויי שיטות, התייעלות או רכש ציוד.
אפיון וניהול דוחות ודשבורדים במערכות BI.
ביצוע מטלות נוספות בהתאם להנחיית הממונה.
דרישות תפקיד:
בוגר תואר ראשון לכלכלה/ חשבונאות/ מנהל עסקים/ הנדסת תעשייה וניהול/ ניהול מערכות בריאות
תואר שני או הכרות מוקדמת עם מערכת הבריאות (קופות חולים, בתי חולים, משרד הבריאות או האוצר) - יתרון
ניסיון של שנה-שנתיים ככלכלנ.ית (אפשרי גם ניסיון כסטודנט.ית)
יכולת ניתוח נתונים, יכולת התמודדות עם ריבוי משימות במקביל והנעתן מול ממשקים שונים, עבודה בעומס ותחת לחץ, עמידה בלוחות זמנים
יכולת התבטאות והבעה עצמית בכתב ובע""פ ברמה גבוהה. התנהלות עצמאית מול מנהלים, בכירים בבית החולים ובכירים בבתי החולים הפסיכיאטריים והגריאטריים
שליטה מלאה באקסל - חובה
SQL ו Power BI- יתרון
מל""מ וסינריון - יתרון
היקף משרה:
מלאה - א' -ה' (נדרשת נכונות לשעות נוספות)"
סייע.ת שיניים לרופא.ת שיניים,המרכז הרפואי תל-אביב (איכילוב),גוש דן,2026-01-05,https://jobs.tasmc.org.il/Positions/redmatch-apply/redmatch.apply.html?compPositionID=196325,רפואה ובריאות,onsite,"למרכז בריאות הפה במרכז הרפואי ת""א (איכילוב) דרושים/ות סייעים/ות שיניים
תיאור תפקיד:
סיוע לרופאי השיניים במגוון טיפולים נרחב על כל תחומי הסייעות.
ממשקים פנים ארגוניים: עבודה במרפאת שיקום הפה, מרפאת פה ולסת ומרפאת רפואת הפה.
דרישות:
סיום קורס לסייעות שיניים מוכר על ידי משרד הבריאות ואישור עמידה בבחינה הממשלתית לסייעות שיניים מטעם האגף לבריאות השן במשרד הבריאות.
ניסיון בשיקום ובכירורגיה- יתרון.
אמינות מקצועית, נמרצות ויכולת עבודה תחת לחץ
היקף משרה:
75% משרה.
משמרת בוקר (07:00-14:00) + עבודת ערב לעיתים (14:00-19:00."
ראש.ת צוות ליחידת המחקר באונקולוגיה,המרכז הרפואי תל-אביב (איכילוב),איכילוב,2025-12-24,https://jobs.tasmc.org.il/Positions/redmatch-apply/redmatch.apply.html?compPositionID=196149,"מדעים ומו""פ כללי",onsite,"תיאור התפקיד:
ניהול ישיר: הובלה, חניכה וניהול שוטף של צוות מתאמי.ות מחקר, כולל גיוס, הכשרה, משוב ובקרה על עבודתם.
אבטחת איכות (QA): וידוא עבודה קפדנית לפי נהלי GCP, משרד הבריאות, ועדת הלסינקי ופרוטוקולי המחקר של היזמים.
ניהול אופרטיבי: פיקוח על לוחות הזמנים, עמידה ביעדי גיוס מטופלים, וניהול הפן האדמיניסטרטיבי של הצוות.
ממשקים: עבודה צמודה מול הנהלת היחידה, רופאים, חברות הפארמה וגורמים פנימיים בביה""ח.
דרישות התפקיד:
השכלה: תואר ראשון במדעי החיים/ ביוטכנולוגיה/ סיעוד או תחום פרא-רפואי מקביל.
הסמכה: תעודת CRA או קורס GCP בתוקף.
ניסיון קודם בניהול צוות או הובלת פרויקטים - יתרון משמעותי.
ניסיון מקצועי: לפחות שנתיים ניסיון כמתאמ.ת מחקר קליני או CRO.
אנגלית ברמה גבוהה מאוד לרבות קריאה, כתיבה ודיבור
יכולת ירידה לפרטים לצד ראייה מערכתית, תקשורת בין-אישית מעולה ויכולת הנעת צוות, יכולת עבודה תחת לחץ בסביבת דינמית ומשתנה.
היקף משרה:
משרה מלאה, ימים א'-ה', 8:00-16:00 (גמיש)
נדרשת נכונות לשעות נוספות בעת הצורך"
"מתאמ.ת מחקר לאונקולוגיה - החלפה לחל""ד",המרכז הרפואי תל-אביב (איכילוב),איכילוב,2025-12-24,https://jobs.tasmc.org.il/Positions/redmatch-apply/redmatch.apply.html?compPositionID=196147,"מדעים ומו""פ כללי",onsite,"תיאור תפקיד:
ליווי ואחריות כוללת על הטיפולים של מטופלי המחקר המגיעים לאשפוז יום ו/או המאושפזים במחלקה.
תאום הליכי המחקר הקליני בין המטופלים המשתתפים, הצוותים ויחידות בבית החולים.
לקיחת דם ורידי, ביצוע אקג, בדיקת סימנים חיוניים, הכנסת VL, ניפוק תרופה כו'.
איסוף ותיעוד נתונים מתוך הגיליון הרפואי, הכנסת נתונים למערכת ממוחשבת (קמיליון)
טיפול בדגימות, נכונות לעבודת מעבדה בסיסית (סירכוז והפרדה)
דרישות:
תואר ראשון בסיעוד או תואר ראשון בתחום מדעי החיים / פרה רפואי (תזונה/ מכשור רפואי / אחיות / ריפוי בעיסוק / פיזיוטרפיה וכיוצב')
מתאים גם למסיימי תואר ראשון ללא ניסיון וגם לסטודנטים.יות
ניסיון מעשי במחלקה אונקולוגית/המטואונקולוגית - יתרון
תעודת GCP /תעודת לוקח.ת דמים- יתרון
הכרות עם מערכות קמיליון, נמ""ר וOffice
יכולת ארגון גבוהה ביותר, יכולת לעבוד תחת לחץ ובצוות
יחסי אנוש ותקשורת בינאישית מצויינים
עבודת צוות מעולה
היקף משרה:
משרה מלאה, ימים א'-ה', 8:00-16:00 (גמיש) *החלפה לחל""ד - עם אופציה להמשך"
נציג.ת קשרי מטופלים.ות וניהול תורים,המרכז הרפואי תל-אביב (איכילוב),גוש דן,2025-12-16,https://jobs.tasmc.org.il/Positions/redmatch-apply/redmatch.apply.html?compPositionID=193340,שירות לקוחות,onsite,"תיאור תפקיד:
מענה טלפוני במרכז מידע ותיאום למרפאות החוץ וחלק מהמכונים של ביה""ח.
ניהול תהליך בירור רפואי ראשוני מול המטופל.ת לטובת התאמה מדויקת של סוג הבדיקה/המרפאה.
ביצוע שיחות יזומות בנושא דחיית/שינוי מועד לבדיקה בביה""ח.
טיפול בפניות שירות ממיון/אשפוז ומאתר האינטרנט של ביה""ח, טיפול בפקסים.
דרישות:
תעודת מזכירות רפואית או ניסיון במוקד טלפוני רפואי
אוריינטציה טובה בסביבה ממוחשבת (עבודה עם 5 תוכנות במקביל)
ניסיון במוקד טלפוני של מוקד רפואי כלשהו -יתרון משמעותי
שליטה בשפות נוספות- אנגלית, רוסית, ערבית- יתרון
שירותיות, הקשבה, אמפטיה, סבלנות, יכולת עבודה תחת לחץ, יכולת למידה מהירה, מולטיטסקינג
היקף משרה:
75% משרה - 4 ימים (בין השעות 7:45-14:00) ויום נוסף בין השעות 10:00-17:00"
מתאמ.ת מחקר במערך עיניים,המרכז הרפואי תל-אביב (איכילוב),גוש דן,2025-11-26,https://jobs.tasmc.org.il/Positions/redmatch-apply/redmatch.apply.html?compPositionID=195571,"מדעים ומו""פ כללי",onsite,"תיאור התפקיד:
תיאום מחקרים קלאסי הכולל גיוס מטופלים, מילוי טפסים, הגשות לועדת הלסינקי וכו'.
טיפול במחקרים חיצוניים ופנימיים, עבודה מול חוקרי משנה (רופאים במחלקה), עבודה מול חברות תרופות חיצוניות וכן טיפול במחקרים רטרוספקטיביים הדורשים תחזוקה, שימור והקמה של מאגרי מידע.
דרישות:
תואר ראשון במדעי החיים
תעודת GCP יתרון
ניסיון בתיאום מחקרים קליניים- יתרון משמעותי
שליטה באנגלית ברמה טובה
שליטה טובה ביישומי אופיס, בדגש על אקסל
שליטה בסביבה ממוחשבת
יכולת עבודה בצוות, יכולת למידה מהירה, תקתקנות, יכולת התמודדות עם לחצים ועומס משימות.
היקף המשרה:
משרה מלאה- א'-ה'.
8 שעות ביום 5 ימים בשבוע."
אח.ות מחקר/מתאמ.ת מחקר לקרדיולוגיה,המרכז הרפואי תל-אביב (איכילוב),תל אביב,2025-11-20,https://jobs.tasmc.org.il/Positions/redmatch-apply/redmatch.apply.html?compPositionID=191256,רפואה ובריאות,onsite,"תיאור תפקיד:
עבודה במחקרים פורצי דרך בתרופות ומכשור רפואי בתחום מחלות לב וצנתורים.
ניהול שוטף של מחקרים קליניים בכל הפאזות.
עבודה מול גורמים רבים בארץ ובחו""ל.
העבודה כוללת גיוס משתתפים, תיאום ביקורים ופרוצדורות, מילוי CRF, איסוף ותיעוד נתונים מגיליון רפואי, הזנת נתונים במאגרי מידע ממוחשבים, וכן הגשות לוועדת הלסינקי.
התפקיד כולל גם טיפול בדגימות ביולוגיות (רקמות, דם, שתן) ושימוש בציוד מעבדה (לא נדרש ידע או ניסיון קודם).
ליווי מטופלים ואיסוף מידע.
דרישות:
תעודת GCP/CRA בתוקף (3 שנים אחרונות) מקורס שכולל את נוהל משרד הבריאות בלבד
תואר מדעי (סיעוד, ביולוגיה, מדעי הרפואה וכו'
שליטה בשפה האנגלית
יכולת עבודה בצוות
עמידה בריבוי משימות
למידה מהירה, סדר וארגון, ראש גדול
יחסי אנוש מעולים
ניסיון קודם כמתאמ.ת מחקר - יתרון
היקף משרה:
משרה מלאה, א'-ה'.
8 שעות עבוד ביום."
מזכיר.ת קשרי חוץ - 50% משרה,המרכז הרפואי תל-אביב (איכילוב),גוש דן,2025-10-29,https://jobs.tasmc.org.il/Positions/redmatch-apply/redmatch.apply.html?compPositionID=191771,אדמינסטרציה,onsite,"תיאור תפקיד:
תאומי פגישות, מענה טלפוני ופרונטלי לפניות מתוך ומחוץ לארגון.
ביצוע משימות אדמיניסטרטיביות מגוונות.
קבלה וליווי של גורמים מחוץ לארגון עפ""י הצורך.
ומשימות נוספות שיידרשו במסגרת תחום אחריות האגף.
דרישות:
2 שנות ניסיון מזכירותי (ניסיון משירות צבאי - יתרון)
שליטה מלאה ביישומי אופיס
ניסיון בעבודה ב outlook לרבות זימוני פגישות פרונטליות ופגישות ב Zoom וב Teams
אנגלית ברמה טובה - לרבות שיח וכתיבה
ייצוגיות, מסירות, הגדלת ראש, סבלנות, רגישות
דיסקרטיות
היקף משרה:
משרה חלקית- 50% משרה.
ימי עבודה- א'-ה' 8:00-12:00."
פרמדיק.ית לתא לחץ,המרכז הרפואי תל-אביב (איכילוב),גוש דן,2025-10-06,https://jobs.tasmc.org.il/Positions/redmatch-apply/redmatch.apply.html?compPositionID=192430,רפואה ובריאות,onsite,"לתא הלחץ של המרכז הרפואי, דרושים.ות פרמדיקים.ות לתפקיד מעניין ומאתגר הכרוך בליווי מטופלים.ות בתהליך הטיפול.
עבודה מאתגרת בתנאים נוחים
תנאי שכר אטרקטיביים
תינתן הכשרה ייחודית למתאימים.ות
לפרטים נוספים ניתן לפנות לסיגלית דיין
טל׳: 03-6973501 |
sigalitd@tlvmc.gov.il"
טבח.ית למערך המזון,המרכז הרפואי תל-אביב (איכילוב),גוש דן,2025-08-10,https://jobs.tasmc.org.il/Positions/redmatch-apply/redmatch.apply.html?compPositionID=182302,מסעדנות והכנת מזון,onsite,"הכירו את מערך המזון שלנו- לחצו כאן
תיאור תפקיד:
למערך המזון של המרכז הרפואי ת""א (איכילוב) דרוש.ה טבח.ית
התפקיד כולל הכנת ארוחות מגוונות עבור מטופלים.ות, מבקרים וצוותים רפואיים, תוך הקפדה על סטנדרטים גבוהים של בטיחות תברואתית ואיכות המזון.
דרישות:
תעודת סוג 1 או 2 (לפחות סוג 1)
ניסיון קודם במטבח מוסדי
היקף משרה:
5 ימי עבודה בשבוע, (כולל שישי-שבת, ערבי חג-חג) *יש הסעות בסופ""ש וערבי חג
80% מהמשרה הינה משמרות בוקר 6:00-14:00
שאר המשמרות - לפי צורכי המערכת
משמרת ערב 11:00-19:00
משמרת לילה 05:00-02:00"
מסייע.ת לחדר ניתוח,המרכז הרפואי תל-אביב (איכילוב),גוש דן,2025-01-05,https://jobs.tasmc.org.il/Positions/redmatch-apply/redmatch.apply.html?compPositionID=184123,רפואה ובריאות,onsite,"למרכז הרפואי ת""א (איכילוב) דרוש/ה מסייע/ת לחדר ניתוח.
- אפשרות לעבודה במשמרות
- ידע טוב בשפה העברית
- ניסיון קודם- יתרון
- גישה שרותית למטופלים ולמשפחותיהם
למתאימים/ות תיפתח תכנית הכשרה ייחודית בהובלת הנהלת הסיעוד ובסימולציית תרגול.
לפרטים נוספת והגשת קו""ח:
ניתן לפנות לגב' אתי עוזיאל, סמנכ""ל הסיעוד
לקביעת פגישה מסודרת miritn@tlvmc.gov.il | 03-6973501"
מזכיר.ה למגוון מחלקות,המרכז הרפואי תל-אביב (איכילוב),גוש דן,2024-08-13,https://jobs.tasmc.org.il/Positions/redmatch-apply/redmatch.apply.html?compPositionID=180224,אדמינסטרציה,onsite,"תיאור התפקיד
ריכוז עבודת המזכירות והפקידות במחלקה.
ניתוב תקשורת חוץ ופנים מחלקתית ואחריות על ניהול משרדי.
חלק בלתי נפרד מצוות האֲחָיוּת וכפיפות לאח.ות אחראי.ת.
מתן שירות ומענה למטופלים.ות ומשפחות על פי עקרונות השירות של המרכז הרפואי.
דרישות התפקיד
ידע בשפה העברית ברמה טובה מאוד.
ידע בשפות אחרות - יתרון.
תעודת מזכירות / מזכירות רפואית, או ניסיון בתפקיד מזכירותי - רצוי.
ניסיון בעבודה בסביבה ממוחשבת
הכרות עם מערכות: נמר, CRM / קמיליון- יתרון
גישה שירותית ברמה גבוהה.
בשעת חירום ישנה מחויבות להתייצב במחלקה באופן מיידי על פי קריאה."
כוח עזר למגוון מחלקות,המרכז הרפואי תל-אביב (איכילוב),גוש דן,2024-01-30,https://jobs.tasmc.org.il/Positions/redmatch-apply/redmatch.apply.html?compPositionID=174593,רפואה ובריאות,onsite,"תיאור התפקיד
כוחות העזר מהווים חלק מהצוות הסיעודי וכפופים לאח.ות אחראי.ת במחלקה.
עבודת כוח העזר מתבצעת בהתאם להוראות, הנחיות ופיקוח של האח.ות האחראי.ת.
כוח העזר נותנ.ת מענה לצרכים הבסיסיים של המטופלים.ות במצבי בריאות שאינם מורכבים.
התפקיד כולל הדרכות והכשרות בתחומים שונים כגון: התנהגות שירותית ומצבי קונפליקט, היגיינה,
מניעת זיהומים ובידודים, זכויות המטופל.ת, בטיחות המטופל.ת והמטפל.ת, סדר כללי במחלקה וניקיון,
תזונה וחלוקת מזון ודיווח.
דרישות התפקיד
ידע בסיסי בשפה העברית לרבות קריאה וכתיבה
ידע בשפות אחרות - יתרון
ניסיון קודם - יתרון
גישה שירותית ברמה גבוהה
היקף משרה:
משרה מלאה- 5 משמרות בשבוע כולל לילות סופי שבוע וחגים"
